date,dp,dy,ep,bm,ntis,tbl,ltr,tms,dfy,infl,ret
199001,-3.4647177455761864,-3.443527058596547,-2.7377745518509062,0.3904547436,-0.0123335365,0.0763,-0.0006,0.005299999999999999,0.009599999999999997,0.0015885624,-0.067661
199002,-3.385516307329996,-3.4568159849148623,-2.684119796103492,0.4149713959,-0.0138967896,0.0764,-0.0343,0.010099999999999998,0.009500000000000008,0.0103092784,0.013381
199003,-3.38618810616289,-3.3776853997486906,-2.710584368446284,0.4091730897,-0.0117292028,0.0774,-0.0025,0.0102,0.0092,0.0047095761,0.026588
199004,-3.4023747527288735,-3.378409209994597,-2.752840315900938,0.4713339564,-0.0102914402,0.079,-0.0044,0.009900000000000006,0.00839999999999999,0.00546875,-0.024504
199005,-3.365010052589703,-3.3922652208893727,-2.7319133890179037,0.480284256,-0.0101492797,0.0777,-0.0202,0.01469999999999999,0.00839999999999999,0.0015540016,0.097419
199006,-3.4430026127715485,-3.3550017013488476,-2.826278170042815,0.4435699735,-0.0022618111,0.0774,0.0415,0.010900000000000007,0.009399999999999992,0.0023273856,-0.006754
199007,-3.4241674130531323,-3.433093436863324,-2.8237614778482434,0.4429494323,-0.0005072745,0.0773,0.023,0.00910000000000001,0.009599999999999997,0.0054179567,-0.004454
199008,-3.4140552062754965,-3.4192920666131785,-2.8110269254047604,0.4392124466,0.0048850583,0.0762,0.0107,0.00979999999999999,0.009599999999999997,0.0038491147,-0.090801
199009,-3.310140688583538,-3.4092035135649517,-2.7045222056129608,0.4880735629,0.0014392103,0.0745,-0.0419,0.0175,0.009999999999999995,0.009202454,-0.048959
199010,-3.2527717430425764,-3.305312421188447,-2.6445946056040155,0.520289666,0.0013728769,0.0736,0.0117,0.017799999999999996,0.01079999999999999,0.0083586626,-0.003597
199011,-3.2389778390814348,-3.2456986249722917,-2.644024249628396,0.5224519209,-0.0004706842,0.0717,0.0215,0.018100000000000005,0.0121,0.006028636,0.064561
199012,-3.2901612394955198,-3.2319543988389006,-2.708424239142049,0.4985056551,0.0009098866,0.0706,0.0402,0.015200000000000005,0.013200000000000003,0.002247191,0.027987
199101,-3.30771134106432,-3.2831867841234743,-2.73917585313008,0.4844968599,-0.0018459075,0.0674,0.0187,0.017,0.013800000000000007,0.0,0.045001
199102,-3.347728686443716,-3.307049637152666,-2.786120978810327,0.4663077997,0.0007215596,0.0622,0.013,0.0215,0.014100000000000001,0.0059790732,0.071565
199103,-3.412181837361523,-3.3470674200946076,-2.85754572922146,0.4427204408,0.001246896,0.0594,0.003,0.024699999999999993,0.012399999999999994,0.0014858841,0.024354
199104,-3.4334809630504637,-3.411521007996652,-2.8858513151730736,0.4571255997,0.0032513958,0.0591,0.0038,0.025300000000000003,0.0116,0.0014836795,0.002268
199105,-3.4328121924048,-3.4324657890012533,-2.9108545151894805,0.4612395987,0.0057301566,0.0565,0.014,0.027199999999999995,0.010800000000000004,0.0014814815,0.04293
199106,-3.4696416296627794,-3.4317898070249,-2.9739864945004384,0.4399669694,0.0069821048,0.0546,0.0,0.029900000000000003,0.009999999999999995,0.0029585799,-0.045357
199107,-3.4195510107668445,-3.468628520938757,-2.9508448393040596,0.458243743,0.0142474894,0.0557,-0.0063,0.030299999999999994,0.009499999999999995,0.0029498525,0.046526
199108,-3.4599241961099665,-3.416041903630979,-3.0224123682466115,0.4403567816,0.0148355528,0.0558,0.0157,0.029200000000000004,0.008900000000000005,0.0014705882,0.023885
199109,-3.475893786232598,-3.4564355348040796,-3.070344205891905,0.4376396373,0.0173312983,0.0533,0.034,0.028499999999999998,0.009000000000000008,0.0029368576,-0.016861
199110,-3.453079776087511,-3.4724091067119,-3.0803230277254317,0.441531837,0.023289044,0.0522,0.0303,0.026799999999999997,0.009000000000000008,0.0043923865,0.013458
199111,-3.466827054889143,-3.4550368834560614,-3.127333395319518,0.4340034538,0.0255088958,0.0499,0.0054,0.029200000000000004,0.009399999999999992,0.0014577259,-0.040214
199112,-3.4238658994534115,-3.4687880000391234,-3.1189113512083675,0.4601544903,0.030689947,0.0456,0.0082,0.033299999999999996,0.0097,0.0029112082,0.114089
199201,-3.5316202026998593,-3.4258306974657624,-3.2625900636226404,0.4203444173,0.0318123844,0.0407,0.0581,0.032299999999999995,0.009500000000000008,0.0007256894,-0.018348
199202,-3.5082227281611145,-3.5283231772599075,-3.237910259812231,0.4132296785,0.0319414665,0.038,-0.0324,0.0396,0.009300000000000003,0.0014503263,0.012865
199203,-3.514447756490556,-3.5049283964827884,-3.2428649352771544,0.4076305252,0.0335560213,0.0384,0.0051,0.03930000000000001,0.009399999999999992,0.0036205648,-0.01947
199204,-3.4890986759482137,-3.511172356024115,-3.216253488993091,0.4021060342,0.041900538,0.0404,-0.0094,0.039299999999999995,0.008999999999999994,0.0050505051,0.028614
199205,-3.5167149411060614,-3.4892041667442393,-3.226210769332828,0.3873034718,0.0386618101,0.0375,0.0016,0.0428,0.008800000000000002,0.0014357502,0.00485
199206,-3.517792066265976,-3.5168285590253525,-3.209929565238186,0.3829985163,0.0371754887,0.0363,0.0243,0.041800000000000004,0.008500000000000008,0.0014336918,-0.01503
199207,-3.5003862946955655,-3.5178975801797066,-3.1754600490714138,0.3920423538,0.0430765596,0.0366,0.02,0.0399,0.008300000000000002,0.0035790981,0.040924
199208,-3.536977492841532,-3.4983591300037964,-3.194908495801429,0.3833486997,0.0414947919,0.0321,0.0398,0.0405,0.007700000000000012,0.0021398003,-0.020615
199209,-3.5106642485636614,-3.5349544292342783,-3.1518089831733156,0.3994050369,0.0430499562,0.0313,0.0067,0.041199999999999994,0.006999999999999992,0.0028469751,0.01134
199210,-3.5177096836353114,-3.5086452694809043,-3.1424113344879876,0.3976569721,0.0411377823,0.0291,0.0185,0.04189999999999999,0.006999999999999992,0.0028388928,0.004796
199211,-3.520080011332367,-3.517975955468149,-3.1252998663704536,0.4032511778,0.0410960987,0.0286,-0.0198,0.0455,0.008500000000000008,0.0035385704,0.033794
199212,-3.5501673467206794,-3.5203544261847752,-3.1362595487123115,0.3936264585,0.0379866517,0.0313,0.001,0.043500000000000004,0.008599999999999997,0.0014104372,0.01338
199301,-3.5604908214908733,-3.5504337625812648,-3.12781224669454,0.3941096142,0.0388286878,0.0322,0.0246,0.0404,0.008300000000000002,-0.0007042254,0.007282
199302,-3.5649880229908235,-3.5579667589121047,-3.1218226584857667,0.3930481045,0.0417538423,0.03,0.028,0.042499999999999996,0.007599999999999996,0.0049330514,0.013526
199303,-3.572891323277257,-3.5624622816223646,-3.119407958209358,0.3859601969,0.0407281702,0.0293,0.0354,0.0405,0.0068000000000000005,0.0035063114,0.021202
199304,-3.588904593166543,-3.57037995864009,-3.125251722835533,0.3336135264,0.0371064145,0.0295,0.0021,0.0407,0.005699999999999997,0.0034940601,-0.024519
199305,-3.5619819346299204,-3.5877273074346956,-3.108111819486517,0.334349806,0.0398126855,0.0287,0.0072,0.04139999999999999,0.0068000000000000005,0.0027855153,0.026259
199306,-3.5832772919180753,-3.560814027929693,-3.1392552503061664,0.3248824215,0.0402546288,0.0296,0.0047,0.040499999999999994,0.007800000000000001,0.0013888889,0.003466
199307,-3.582857713924109,-3.582102762293972,-3.148766374285765,0.3259312476,0.0411540214,0.0307,0.0449,0.03609999999999999,0.00739999999999999,0.0013869626,-0.004593
199308,-3.5776202296908415,-3.5829615283040908,-3.124972476241721,0.3237770308,0.0410077869,0.0304,0.0191,0.03520000000000001,0.007599999999999996,0.0,0.037431
199309,-3.611584499419972,-3.5777320418465366,-3.1407066727136126,0.3138649833,0.0401929369,0.0302,0.0434,0.032100000000000004,0.007499999999999993,0.0027700831,-0.007582
199310,-3.601650202706259,-3.6116883361886654,-3.112872716162031,0.3223518215,0.0418407109,0.0295,0.0005,0.03320000000000001,0.0068000000000000005,0.0020718232,0.019884
199311,-3.6193170222372624,-3.600109733157134,-3.1081979408203675,0.3113628329,0.0403671364,0.0302,0.0096,0.032100000000000004,0.006400000000000003,0.0041350793,-0.008655
199312,-3.6047762190378494,-3.6177709588116693,-3.0718735377606707,0.3110794108,0.0438375603,0.031,-0.0259,0.034100000000000005,0.007300000000000001,0.0006863418,0.012646
199401,-3.613281084341952,-3.6032404932250746,-3.0591209218721986,0.3052672229,0.0457268699,0.0306,0.002,0.0348,0.007599999999999996,0.0,0.033429
199402,-3.64182802927731,-3.6098442047856394,-3.07869689013908,0.2880585672,0.0436711352,0.0298,0.0257,0.033900000000000007,0.007300000000000001,0.0027434842,-0.027161
199403,-3.6078893655089392,-3.6383950247982493,-3.035930987592574,0.2990588209,0.0450411316,0.0325,-0.045,0.035699999999999996,0.0068000000000000005,0.0034199726,-0.043456
199404,-3.5576501012139685,-3.604475975886934,-2.9769977678188986,0.3074838051,0.0419050878,0.035,-0.0395,0.03749999999999999,0.006499999999999992,0.0034083163,0.012817
199405,-3.5657600211317533,-3.5542953820205163,-2.952566661215472,0.3036647862,0.0398456593,0.0368,-0.015,0.0377,0.006400000000000003,0.0013586957,0.016309
199406,-3.574767178185879,-3.5624243356333487,-2.930257737963018,0.2974694757,0.0396410671,0.0414,-0.0082,0.034499999999999996,0.0063,0.0006784261,-0.024762
199407,-3.5442566713944177,-3.5714347912770292,-2.869588491200144,0.3084170767,0.033995564,0.0414,-0.01,0.036,0.0068000000000000005,0.0033898305,0.032714
199408,-3.5729588536596095,-3.541976452657316,-2.8727858921457963,0.2969853808,0.0312112174,0.0433,0.0363,0.0313,0.0068999999999999895,0.0027027027,0.041341
199409,-3.607628062003333,-3.570676066737703,-2.8827040690184793,0.2856838193,0.0287065182,0.0448,-0.0086,0.0313,0.0067000000000000115,0.0040431267,-0.02394
199410,-3.5780918384121305,-3.6053582124423906,-2.8291155080152084,0.2909046586,0.0290032948,0.0462,-0.0331,0.033800000000000004,0.006400000000000003,0.0026845638,0.022619
199411,-3.5923632695298426,-3.5717435412698837,-2.810627113546189,0.2860712737,0.0260004953,0.0495,-0.0025,0.0314,0.0063,0.000669344,-0.036248
199412,-3.545741287593467,-3.5860473783778515,-2.732684956475911,0.2989926143,0.022917147,0.0529,0.0066,0.027899999999999994,0.006400000000000003,0.0013377926,0.014955
199501,-3.5516967566569093,-3.5394726296755694,-2.708638263453764,0.2915683,0.0165942926,0.056,0.0161,0.023899999999999998,0.006400000000000003,0.0,0.026
199502,-3.575684396932208,-3.5516967566569093,-2.711606536504987,0.2908537344,0.0150933699,0.0571,0.0273,0.020900000000000002,0.006200000000000011,0.004008016,0.039228
199503,-3.6111231081963044,-3.575684396932208,-2.7264586141606952,0.2787300356,0.0145320951,0.0577,0.0287,0.018100000000000005,0.005899999999999989,0.003992016,0.029334
199504,-3.6380855754204164,-3.6111231081963044,-2.733249722521028,0.3138765419,0.0143885983,0.0573,0.0091,0.0182,0.0058,0.0033134526,0.029395
199505,-3.660837028813699,-3.633260484725861,-2.741755812951892,0.3019947008,0.0130124069,0.0565,0.0169,0.017999999999999995,0.005699999999999997,0.0033025099,0.039809
199506,-3.6917106046478185,-3.6560426281633482,-2.758713180888651,0.2922642542,0.010743778,0.0567,0.079,0.010999999999999996,0.005500000000000005,0.0019749835,0.024155
199507,-3.7079869582179725,-3.6869315961411573,-2.761398696474297,0.2864296179,0.0082749191,0.0547,0.0139,0.012300000000000005,0.006000000000000005,0.0019710907,0.033405
199508,-3.7339463515120443,-3.7026647195758566,-2.7854454538485762,0.2771603672,0.0070611198,0.0542,-0.0168,0.014899999999999997,0.0063,0.0,0.003495
199509,-3.728324581995689,-3.7286448837938972,-2.7779422451439686,0.2830461347,0.0091214683,0.054,0.0236,0.013400000000000002,0.006199999999999997,0.0026229508,0.042102
199510,-3.7623729254775635,-3.72305843814271,-2.8101250519881504,0.2724949976,0.006379353,0.0528,0.0175,0.013499999999999998,0.006099999999999994,0.0019620667,-0.003442
199511,-3.752164533565487,-3.7571563529043304,-2.8167611210379024,0.2744202453,0.0122212523,0.0528,0.0294,0.011300000000000004,0.0063,0.0032637076,0.044179
199512,-3.7872039018496326,-3.746975032462449,-2.8687517690594637,0.2571688515,0.0168709535,0.0536,0.0249,0.0087,0.006599999999999995,-0.0006506181,0.017643
199601,-3.7993346720581638,-3.782041192691284,-2.897949959269636,0.2550263829,0.0155265173,0.0514,0.0272,0.008899999999999998,0.006699999999999998,-0.0006510417,0.034861
199602,-3.823823299844693,-3.7917266111709047,-2.9292607377704716,0.2418771721,0.0161278629,0.05,-0.0011,0.0109,0.006600000000000009,0.0058631922,0.010088
199603,-3.8231753575858467,-3.8162655412256608,-2.935388201149576,0.2378947371,0.0168013686,0.0483,-0.0483,0.017599999999999998,0.006400000000000003,0.003238342,0.009585
199604,-3.823566765191128,-3.8156813806511876,-2.9424889065815236,0.2392996154,0.0168919131,0.0496,-0.021,0.018800000000000004,0.0068000000000000005,0.0051646223,0.015133
199605,-3.832924982035051,-3.819582935804875,-2.9473476490472725,0.2400758062,0.0211219538,0.0495,-0.0165,0.021099999999999994,0.006900000000000003,0.0038535645,0.025257
199606,-3.8515460863075535,-3.828949926584158,-2.9615318664922055,0.2369235155,0.0264191545,0.0502,-0.0054,0.0215,0.0068000000000000005,0.0019193858,0.004128
199607,-3.8498479284411316,-3.847593775592637,-2.955444247971818,0.2364437252,0.0272161737,0.0509,0.0203,0.0194,0.006900000000000003,0.0006385696,-0.044441
199608,-3.7939327013078485,-3.840760222094811,-2.898263744495316,0.2418198938,0.0311368642,0.0515,0.0018,0.019200000000000002,0.007000000000000006,0.0019144863,0.021928
199609,-3.8035591336592987,-3.7849199575753785,-2.9066532186626635,0.2380611179,0.0308861056,0.0505,-0.0139,0.022099999999999995,0.007199999999999998,0.001910828,0.056035
199610,-3.847389917171492,-3.794633713848317,-2.9492664892527856,0.2272973181,0.0295807368,0.0509,0.029,0.019500000000000003,0.006900000000000003,0.0031786395,0.026798
199611,-3.8678597956376524,-3.842064515128507,-2.9500981911761337,0.2217476558,0.0256558088,0.0499,0.0404,0.017200000000000007,0.0068000000000000005,0.0031685678,0.076441
199612,-3.9333648209469425,-3.862555855997279,-2.996551609937393,0.2050079191,0.0220673413,0.0503,0.0351,0.013999999999999999,0.006900000000000003,0.0018951358,-0.019801
199701,-3.906355589926097,-3.9280955765625025,-2.951035193004638,0.2073427297,0.0241256867,0.0491,-0.0256,0.0182,0.006900000000000003,0.0,0.062779
199702,-3.9622951998967353,-3.902784552373863,-2.997634458074083,0.1962401029,0.0244069327,0.0503,-0.0079,0.018600000000000005,0.006699999999999998,0.0031525851,0.007752
199703,-3.964640252900873,-3.9587302051336755,-2.990795187904119,0.1943954108,0.0229109266,0.0501,0.0005,0.019300000000000005,0.0063,0.0031426776,-0.041653
199704,-3.917545942245285,-3.961094562716686,-2.934660235558484,0.2147802023,0.0211485434,0.0514,-0.0252,0.020900000000000002,0.0063,0.0025062657,0.060274
199705,-3.9720542662426452,-3.9152907011726765,-2.9888599925793025,0.2017410478,0.0169452901,0.0516,0.0255,0.018899999999999993,0.006100000000000008,0.00125,0.061401
199706,-4.0267295433908,-3.969804099839874,-3.043225711994618,0.1928785879,0.0132644502,0.0505,0.0097,0.019599999999999992,0.006199999999999997,-0.0006242197,0.044103
199707,-4.067019483487831,-4.024484428871418,-3.0832100440258534,0.184287615,0.010846707,0.0493,0.0195,0.019500000000000003,0.006099999999999994,0.0012492192,0.080388
199708,-4.13846895742606,-4.063247173530078,-3.1576922740855884,0.171964943,0.0115926587,0.0505,0.0626,0.013200000000000003,0.006099999999999994,0.0012476606,-0.05497
199709,-4.0755423704506875,-4.1347042779616885,-3.0977913592740496,0.1855054038,0.012877263,0.0514,-0.0317,0.015799999999999995,0.006000000000000005,0.0018691589,0.053886
199710,-4.12358735156845,-4.071798332518004,-3.148841916752475,0.177967857,0.0146342661,0.0495,0.0316,0.015399999999999997,0.005500000000000005,0.0024875622,-0.032605
199711,-4.084940189478857,-4.1200262310336395,-3.1213312479859088,0.1900006773,0.0162628256,0.0497,0.0341,0.0126,0.005699999999999997,0.0024813896,0.046321
199712,-4.125019603722656,-4.081398181234713,-3.172583369520963,0.1807462988,0.0156672081,0.0514,0.0148,0.010000000000000002,0.005500000000000005,-0.0006188119,0.017147
199801,-4.137092815433343,-4.121483644150663,-3.195884433061569,0.1788008842,0.0155594713,0.0516,0.0184,0.008599999999999997,0.005600000000000008,-0.0012383901,0.011994
199802,-4.144099201631061,-4.134000228727825,-3.2074951220501284,0.1788402734,0.0137396363,0.0504,0.02,0.0085,0.0058,0.0018598884,0.071956
199803,-4.209094578486406,-4.1410161495390305,-3.27708755582872,0.1654630971,0.0120563774,0.0509,-0.0072,0.009000000000000001,0.0058,0.0018564356,0.051336
199804,-4.254759432029992,-4.2060210023970495,-3.3273422859796256,0.181140396,0.0164888614,0.0503,0.0025,0.009899999999999999,0.006000000000000005,0.0018529957,0.011275
199805,-4.257231289080908,-4.248195763412198,-3.3411946545273934,0.1758729222,0.0164053658,0.0495,0.0026,0.0109,0.006400000000000003,0.0018495684,-0.017674
199806,-4.231704778009526,-4.250710421430135,-3.3270291683078868,0.1791022057,0.0190752061,0.05,0.0182,0.0092,0.006099999999999994,0.0018461538,0.04097
199807,-4.263906551627796,-4.2252261567393425,-3.3705732615080324,0.178060606,0.0240105767,0.0498,0.0228,0.007800000000000001,0.006000000000000005,0.0012285012,-0.010109
199808,-4.248199926632953,-4.259883307775587,-3.3664446481789687,0.1794381089,0.0253535652,0.0496,-0.004,0.008800000000000002,0.0059999999999999915,0.0012269939,-0.143124
199809,-4.086600514930241,-4.244186585004535,-3.2164734604759935,0.2114320916,0.0285190292,0.049,0.0465,0.005699999999999997,0.006200000000000011,0.0012254902,0.063176
199810,-4.143135709666517,-4.082609410466329,-3.2846704483513967,0.2032484042,0.0240829091,0.0461,0.0395,0.005600000000000001,0.006900000000000003,0.0012239902,0.080111
199811,-4.219298019060163,-4.14206461156484,-3.3652357327596825,0.1855190768,0.0207400892,0.0396,-0.0218,0.014399999999999996,0.008099999999999996,0.0024449878,0.062164
199812,-4.275665957621882,-4.2182218856147315,-3.4260201772659844,0.1748468445,0.0220035773,0.0441,0.0097,0.009399999999999999,0.009300000000000003,0.0,0.059673
199901,-4.329440683453013,-4.274597155721091,-3.48421792480604,0.1736113154,0.0200570294,0.0439,-0.0032,0.010299999999999997,0.010100000000000005,-0.0006097561,0.0428
199902,-4.3644151344692865,-4.324224303190128,-3.518504713066352,0.1703206191,0.0155876993,0.0434,0.0121,0.0102,0.01050000000000001,0.0024405125,-0.031935
199903,-4.326416843865045,-4.359231934530424,-3.4798176118368587,0.1712768096,0.0184466675,0.0444,-0.052,0.0143,0.009899999999999992,0.0012172855,0.038979
199904,-4.359314892167221,-4.321254291600065,-3.512043086677689,0.1728971707,0.0206681224,0.0444,-0.0008,0.0148,0.00910000000000001,0.0030395137,0.037559
199905,-4.396574946473148,-4.359333130524311,-3.526615204357765,0.1568258764,0.0251812663,0.0429,0.0021,0.0165,0.008400000000000005,0.0072727273,-0.023159
199906,-4.371311798946327,-4.396599264800049,-3.4791605839841666,0.1602311354,0.0258974347,0.045,-0.0185,0.0165,0.007900000000000004,0.0,0.054431
199907,-4.42433827787127,-4.371330038079604,-3.5104824144997897,0.1542274468,0.0188685806,0.0457,-0.0078,0.017000000000000008,0.00789999999999999,0.0,-0.03022
199908,-4.387865794051987,-4.420436609405268,-3.4543017335073753,0.1587964727,0.0193704415,0.0455,-0.0077,0.0184,0.007599999999999996,0.0030084236,-0.004989
199909,-4.377699478497794,-4.383973256875592,-3.4249626821985824,0.1562430269,0.0188807383,0.0472,-0.0053,0.0177,0.007500000000000007,0.0023995201,-0.028079
199910,-4.344860776589405,-4.37382804367174,-3.3734501767951914,0.1636844982,0.0203796791,0.0468,0.0084,0.017800000000000003,0.00810000000000001,0.0047875524,0.064238
199911,-4.40450149156448,-4.343839724817464,-3.402688664981629,0.1576906607,0.0204452369,0.0486,-0.0012,0.016500000000000008,0.008300000000000002,0.0017867778,0.020822
199912,-4.422363954036967,-4.40348148127594,-3.3911031346402276,0.1555459671,0.0182804544,0.0507,-0.0061,0.015499999999999993,0.007900000000000004,0.0005945303,0.062579
200001,-4.477577782763454,-4.421344983109348,-3.4177709248506307,0.1471672594,0.0178887565,0.052,-0.0155,0.0162,0.006400000000000003,0.0,-0.04963
200002,-4.423938054878034,-4.476182877830819,-3.3464706997741467,0.15465416,0.0253587807,0.0532,0.0228,0.013400000000000009,0.005500000000000005,0.0029708853,-0.017458
200003,-4.402226056187224,-4.422539118797674,-3.307460563045661,0.1670564326,0.027418814,0.0555,0.0264,0.009100000000000004,0.006100000000000008,0.0059241706,0.098488
200004,-4.4931588523750365,-4.4008350402528125,-3.3814285123830174,0.1499735618,0.0182913901,0.0569,0.0367,0.004900000000000002,0.006900000000000003,0.0082449941,-0.031585
200005,-4.463030952415649,-4.494310929673727,-3.3438231459436056,0.1526004182,0.0119449458,0.0566,-0.0076,0.006400000000000003,0.0076000000000000095,0.0005841121,-0.022304
200006,-4.442031639960686,-4.46419033819065,-3.3153768796096763,0.1556687311,0.0091785275,0.0579,-0.0054,0.006100000000000001,0.009099999999999997,0.0011675423,0.026219
200007,-4.466838016020212,-4.443186384863481,-3.3327821553246055,0.1567779616,0.0071242127,0.0569,0.0244,0.005299999999999999,0.008099999999999996,0.0052478134,-0.012795
200008,-4.457511302057062,-4.473987555321425,-3.304943503608637,0.155674151,0.0047122339,0.0596,0.0173,0.0015000000000000013,0.007000000000000006,0.0023201856,0.062594
200009,-4.523640483168055,-4.4647123255798435,-3.352635034731566,0.146053064,0.0046746382,0.0609,0.024,-0.0015000000000000013,0.007100000000000009,0.0,-0.052088
200010,-4.475927445490471,-4.5308937377752185,-3.286558838244723,0.1537894629,0.0044689258,0.06,-0.0157,0.0011999999999999997,0.007300000000000001,0.0052083333,-0.00412
200011,-4.472514544008221,-4.477476328981885,-3.3048313721468716,0.1493007889,0.0037442804,0.0611,0.0187,-0.0011000000000000038,0.007900000000000004,0.0017271157,-0.078268
200012,-4.390615832894612,-4.474071966605199,-3.24516420981715,0.1572808929,0.0011574522,0.0617,0.0319,-0.0040999999999999995,0.008300000000000002,0.0005747126,0.00572
200101,-4.396214732140832,-4.392169538918109,-3.2735761088698685,0.1518515036,-0.0022617472,0.0577,0.0243,-0.001899999999999999,0.008099999999999996,-0.0005743825,0.032375
200102,-4.436386559722948,-4.402336313272805,-3.338498018987097,0.1504496662,-0.0031925908,0.0515,0.0005,0.004700000000000003,0.007800000000000001,0.0063218391,-0.090952
200103,-4.345720976990203,-4.442552067406744,-3.2735220948117743,0.1560700913,-0.0068557205,0.0488,0.0191,0.006099999999999994,0.007700000000000012,0.0039977156,-0.063706
200104,-4.285559929593664,-4.351918473523796,-3.240066951988588,0.1331135514,-0.0052134444,0.0442,-0.0074,0.011699999999999995,0.008599999999999997,0.0022753129,0.077825
200105,-4.365576320783312,-4.291569310227333,-3.3796294325242546,0.1224969006,-0.0025430255,0.0387,-0.0313,0.0206,0.0087,0.0039727582,0.00687
200106,-4.376692983735494,-4.371615696036886,-3.454865607302754,0.120510188,-0.0002482857,0.0362,0.0037,0.0232,0.0077999999999999875,0.004522329,-0.024506
200107,-4.357453946678575,-4.382775429865598,-3.5049964723523663,0.1252094328,0.0050407545,0.0349,0.0085,0.024099999999999996,0.00789999999999999,0.0016882386,-0.009317
200108,-4.345558979110116,-4.356389869378416,-3.5741111213337295,0.1249665833,0.0079138367,0.0351,0.0376,0.020999999999999998,0.00839999999999999,-0.0028089888,-0.063435
200109,-4.278246788565765,-4.344502394453231,-3.5947488575480153,0.1321641438,0.0099183208,0.0336,0.0206,0.021000000000000005,0.008300000000000002,0.0,-0.080361
200110,-4.191928348979534,-4.2771849642265245,-3.6046643309424833,0.1486285882,0.008652734,0.0264,0.0081,0.0278,0.008599999999999997,0.0045070423,0.01954
200111,-4.209782927604504,-4.191845739275388,-3.6661611267055525,0.1449013996,0.0107492736,0.0216,0.0464,0.028999999999999998,0.008800000000000002,-0.003365115,0.078787
200112,-4.282178321372422,-4.20969397093905,-3.7841854213684436,0.1334813667,0.0111617665,0.0187,-0.0471,0.0366,0.008400000000000005,-0.0016882386,0.009051
200201,-4.28964101787342,-4.282095725839524,-3.8394479575055884,0.1312178459,0.0134648247,0.0169,-0.0183,0.040600000000000004,0.012800000000000006,-0.003945885,-0.014324
200202,-4.274154323112603,-4.289850696779537,-3.8236179354188486,0.1325605487,0.0111912895,0.0165,0.0138,0.0404,0.013200000000000003,0.0022637238,-0.019481
200203,-4.253385515243487,-4.274370401918656,-3.8024953690512175,0.1301190857,0.0124990208,0.0172,0.0115,0.0391,0.013799999999999993,0.0039525692,0.037572
200204,-4.289675359703148,-4.253595283450389,-3.8384418331394023,0.2368334023,0.0137594442,0.0179,-0.0436,0.0425,0.013000000000000012,0.005624297,-0.061001
200205,-4.219764024469622,-4.283148707254037,-3.7478989317026783,0.2477323126,0.015106854,0.0171,0.041,0.040400000000000005,0.012700000000000003,0.0055928412,-0.0078
200206,-4.2041567508495525,-4.213279693146678,-3.7123358799950954,0.2482556141,0.0222773404,0.0173,0.0015,0.040499999999999994,0.013399999999999995,0.0,-0.071349
200207,-4.1224897491626304,-4.1977141953365535,-3.6113524338440746,0.2665725018,0.0275227705,0.017,0.0187,0.039599999999999996,0.013200000000000003,0.0005561735,-0.073987
200208,-4.045200303160939,-4.127490072100822,-3.48874940111177,0.2820321945,0.0284410263,0.0168,0.0303,0.037599999999999995,0.013700000000000004,0.0011117287,0.007061
200209,-4.0550952994243445,-4.050225755034029,-3.454868059764967,0.284411556,0.0247476984,0.0162,0.0464,0.0348,0.0121,0.0033314825,-0.108965
200210,-3.9435972312791616,-4.060146134077593,-3.3010140512739397,0.3245551555,0.029299296,0.0163,0.0417,0.031700000000000006,0.012499999999999997,0.0016602103,0.088599
200211,-4.020712001107434,-3.9378098457281117,-3.4114796972585015,0.2934370638,0.025670932,0.0158,-0.0294,0.034999999999999996,0.014099999999999988,0.0016574586,0.059019
200212,-4.070464758331704,-4.014964173655592,-3.4953215853888735,0.2769754993,0.0229075973,0.0123,-0.0122,0.0398,0.0131,0.0,-0.058834
200301,-4.002514281304906,-4.064743558434781,-3.462263952866238,0.2953858956,0.0257359814,0.0119,0.0507,0.0365,0.012399999999999994,-0.0022062879,-0.026579
200302,-3.97161100216909,-3.9994084958405134,-3.4020157601494043,0.3059423072,0.0282889555,0.0117,-0.0106,0.0378,0.011799999999999998,0.0044223328,-0.015246
200303,-3.951364988491539,-3.9685148327503788,-3.353435250599266,0.3122513206,0.0279187105,0.0117,0.0329,0.0355,0.011099999999999999,0.0077050083,0.010308
200304,-3.956601250009226,-3.948278375756397,-3.3312853166438274,0.2861177008,0.0240985953,0.0113,-0.0135,0.0373,0.010600000000000005,0.0060076461,0.082774
200305,-4.03574358833124,-3.957816238301762,-3.3637576218523715,0.2696540306,0.0199668846,0.0113,0.0102,0.0368,0.011100000000000006,-0.0021715527,0.053251
200306,-4.08659954141153,-4.036953875922242,-3.3699248809383464,0.2583755061,0.0064481102,0.0107,0.0592,0.0329,0.011599999999999992,-0.0016322089,0.012816
200307,-4.099086369390221,-4.087817481759367,-3.339527230353939,0.2544883373,0.0012618836,0.0092,-0.0154,0.036,0.012199999999999996,0.0010899183,0.017932
200308,-4.106527817090342,-4.09044457223157,-3.317467376876076,0.2476433348,0.0002715813,0.009,-0.0982,0.0452,0.011299999999999998,0.0010887316,0.019597
200309,-4.115669324352394,-4.097953980561758,-3.298438535127772,0.2428560733,0.0029170177,0.0095,0.0166,0.043699999999999996,0.011299999999999998,0.0038064165,-0.010737
200310,-4.095158170620028,-4.107174403188013,-3.250983129171457,0.2465417826,0.0073234015,0.0094,0.0546,0.0396,0.010700000000000001,0.0032502709,0.05556
200311,-4.13273425911437,-4.079229990649424,-3.2203449584509345,0.2333089667,0.0072114259,0.0092,-0.0283,0.0426,0.010299999999999997,-0.0010799136,0.009259
200312,-4.124153197219051,-4.117049971863006,-3.1498416891913625,0.2337541521,0.0100007887,0.0093,-0.0027,0.0426,0.010100000000000005,-0.0027027027,0.05178
200401,-4.158235764316677,-4.108716865010207,-3.127343481579442,0.2187398648,0.0069463157,0.009,0.0139,0.0421,0.009800000000000003,-0.0010840108,0.019078
200402,-4.163187152816102,-4.146058270553134,-3.1224214271047033,0.218027721,0.0068865017,0.0088,0.0187,0.0411,0.009000000000000001,0.0048833424,0.014403
200403,-4.163291268911948,-4.151156168082823,-3.1129833267840272,0.2160532204,0.0093613224,0.0093,0.023,0.03900000000000001,0.0077000000000000055,0.005399568,-0.014982
200404,-4.134909089068664,-4.151403309738653,-3.0753695736171793,0.2817314655,0.0122820384,0.0094,0.0141,0.038,0.007800000000000001,0.0064446831,-0.015584
200405,-4.107341142925132,-4.1242745364196765,-3.032181935731811,0.2853718668,0.0137662795,0.0094,-0.0588,0.0437,0.007300000000000008,0.0032017076,0.013629
200406,-4.108834951201214,-4.09682392699565,-3.018608577891972,0.2864115739,0.0163300833,0.0102,-0.0051,0.0437,0.007100000000000002,0.0058510638,0.019488
200407,-4.116251010338664,-4.098421821089351,-3.011493430974487,0.279631603,0.0144914269,0.0127,0.0121,0.040499999999999994,0.0076999999999999985,0.0031729244,-0.032954
200408,-4.071356281732223,-4.106248519947554,-2.9670300456073972,0.2877883095,0.0147206707,0.0133,0.0155,0.039,0.007999999999999993,-0.0015814444,0.003807
200409,-4.063737571700008,-4.061452851128294,-2.9598343580943123,0.2868206158,0.0142786966,0.0148,0.0395,0.034499999999999996,0.008100000000000003,0.0005279831,0.010817
200410,-4.063251594831171,-4.053931258028965,-2.9597633215243553,0.2894853015,0.0091322561,0.0165,0.0096,0.0323,0.008100000000000003,0.0021108179,0.014973
200411,-4.072327186714972,-4.058410230836758,-2.9691897689932265,0.2910095966,0.0074288562,0.0176,0.0154,0.0302,0.007400000000000004,0.0052659294,0.040559
200412,-4.105377928103084,-4.0675091486419515,-3.0025881145994173,0.2798316459,0.01217691,0.0207,-0.0234,0.029500000000000002,0.0068000000000000005,0.0005238345,0.033734
200501,-4.132525483451191,-4.100582992257999,-3.0300800678063426,0.2706192427,0.0130015047,0.0219,0.025,0.0265,0.0068000000000000005,-0.0036649215,-0.023824
200502,-4.093574501467721,-4.1191902494362385,-2.9950011247207913,0.2781798561,0.0135454958,0.0233,0.03,0.0232,0.006599999999999995,0.0021019443,0.021152
200503,-4.0991416931485265,-4.080414758274189,-3.0043552537561764,0.2710410236,0.0117584139,0.0254,-0.0128,0.0225,0.006200000000000004,0.0057682223,-0.01724
200504,-4.066850129556806,-4.086152881811334,-2.9757650694477737,0.3198568893,0.009097231,0.0274,-0.0072,0.021400000000000002,0.006600000000000002,0.0078206465,-0.018926
200505,-4.0350674050363455,-4.055380924384016,-2.9387649139666827,0.3296244007,0.0079355619,0.0278,0.0373,0.018300000000000004,0.007199999999999998,0.0067252975,0.031994
200506,-4.053235642859484,-4.023723419474377,-2.9518627746473616,0.3209655046,0.0047766126,0.0284,0.0297,0.015599999999999996,0.008600000000000003,-0.0010277492,0.001717
200507,-4.041880992686359,-4.042023680163258,-2.9355723911843956,0.3269790569,0.0053656599,0.0297,0.0167,0.0132,0.009000000000000001,0.0005144033,0.037364
200508,-4.0685573219081475,-4.033220870043418,-2.9541359755037195,0.3157342746,0.0044800758,0.0322,-0.0288,0.013400000000000002,0.008899999999999998,0.0046272494,-0.009159
200509,-4.048686085560667,-4.0599715535330265,-2.9263543344911156,0.3205331247,0.0054049394,0.0344,0.0333,0.008800000000000002,0.0087,0.0051177073,0.008067
200510,-4.047098312956557,-4.040173405529698,-2.917050782327637,0.3178915098,0.0067164013,0.0342,-0.0338,0.012199999999999996,0.009000000000000001,0.0122199593,-0.015672
200511,-4.017700239881922,-4.0356002341956945,-2.882441462955091,0.3218081871,0.0057493057,0.0371,-0.0196,0.011299999999999998,0.009500000000000001,0.0020120724,0.038289
200512,-4.0409095510392135,-4.006328313362225,-2.9005879947013575,0.3109143456,0.0057679659,0.0388,0.0076,0.009299999999999996,0.0097,-0.0080321285,-6e-05
200601,-4.028717143725602,-4.029669993739844,-2.8834661768721572,0.3134779566,0.0030588856,0.0389,0.0267,0.007200000000000005,0.009500000000000008,-0.004048583,0.026442
200602,-4.045380316943824,-4.020232355713306,-2.89514800447013,0.3092262579,-0.0004457404,0.0424,-0.0118,0.0049999999999999975,0.009499999999999995,0.0076219512,0.002425
200603,-4.0374154835234055,-4.036962489459253,-2.882315189076432,0.3056103611,0.0020383228,0.0443,0.0238,0.0013999999999999985,0.009200000000000007,0.0020171457,0.012909
200604,-4.040107047764665,-4.029072313795206,-2.8802369383656856,0.3160094407,0.0021519945,0.0451,-0.0539,0.005600000000000001,0.008800000000000002,0.0055359839,0.012064
200605,-4.042679830428181,-4.0305974567530365,-2.884005270068596,0.3088419778,-0.0034725183,0.046,-0.0247,0.007199999999999998,0.008399999999999998,0.0085085085,-0.028319
200606,-4.0018592136936455,-4.033264127279537,-2.8443562217223732,0.3143403075,-0.0026567382,0.0472,0.001,0.0063,0.008000000000000007,0.0049627792,0.001587
200607,-3.9926136771991367,-3.9925270729137456,-2.836264759180689,0.3148502899,-0.0021954894,0.0479,0.0092,0.005200000000000003,0.008899999999999998,0.0019753086,0.005571
200608,-3.9883561986469678,-3.983283274455009,-2.8232448657662914,0.3138521753,-0.0023631203,0.0495,0.0199,0.0022999999999999965,0.00909999999999999,0.0029571217,0.02415
200609,-4.000167361002613,-3.9791162364146206,-2.8265247138281007,0.3084617987,-0.0084739867,0.0496,0.0299,0.0,0.009099999999999997,0.001965602,0.026487
200610,-4.015277220726645,-3.991007844531342,-2.8333331251563987,0.3005932835,-0.0094934856,0.0481,0.017,0.00030000000000000165,0.009199999999999993,-0.0049043649,0.032527
200611,-4.035455834017739,-4.004433997100513,-2.8519591544775595,0.2905991608,-0.00893474,0.0492,0.0077,-0.0011000000000000038,0.00909999999999999,-0.0054213898,0.018385
200612,-4.041065492421904,-4.024732987299544,-2.8560476285762615,0.2872418677,-0.0151110288,0.0494,0.0207,-0.002700000000000001,0.0087,-0.0014866204,0.013768
200701,-4.042989223647789,-4.030452387730942,-2.8564885381941956,0.2816823997,-0.0150367791,0.0485,-0.0236,0.0005999999999999964,0.009000000000000001,0.0014888337,0.015313
200702,-4.048813680832068,-4.034852508307541,-2.8637649510968846,0.2781442105,-0.0139866635,0.0498,-0.0102,0.0004000000000000045,0.009399999999999999,0.0030525273,-0.019288
200703,-4.018650377937403,-4.040738683601793,-2.83503748585796,0.2861484942,-0.0151410241,0.0503,0.0335,-0.002599999999999998,0.008899999999999991,0.0053503676,0.010894
200704,-4.020574470715256,-4.01064398679997,-2.838371395437049,0.2690500135,-0.0124863526,0.0494,-0.0145,-0.00010000000000000286,0.009700000000000007,0.0091056959,0.043991
200705,-4.054155754488722,-4.011775918251117,-2.8736782883805683,0.2544561689,-0.0089118997,0.0487,0.0085,0.0001999999999999988,0.0092,0.0064961627,0.034459
200706,-4.077460811230365,-4.045430087482304,-2.8986845584045717,0.2439114941,-0.0102831177,0.0473,-0.02,0.003699999999999995,0.0092,0.0061107187,-0.01662
200707,-4.050837513699607,-4.068814444519598,-2.873733350388295,0.24789561,-0.0110640056,0.0461,-0.0091,0.005999999999999998,0.009100000000000004,0.0019379752,-0.031197
200708,-4.00809518980528,-4.0405996906464665,-2.866348392651859,0.2515849644,-0.0152618551,0.0482,0.0284,0.001899999999999999,0.009200000000000007,-0.0002543772,0.015094
200709,-4.010738933438122,-3.9979573743728434,-2.904898019748221,0.2488398512,-0.0121975375,0.042,0.0199,0.006699999999999998,0.008600000000000003,-0.0018339022,0.037468
200710,-4.0358748530557556,-4.000706569418265,-2.9665159668553223,0.2392074367,-0.013015004,0.0389,0.0012,0.010000000000000002,0.0085,0.0027559074,0.01736
200711,-4.041316530477587,-4.026602972688879,-3.035338660470889,0.2386170601,-0.0179547999,0.039,0.0155,0.009000000000000001,0.008199999999999999,0.0021391913,-0.041382
200712,-3.9870834004214966,-4.0321261897909135,-3.0475011327014174,0.2485796916,-0.025158604,0.0327,0.0468,0.011799999999999998,0.009600000000000004,0.0059396179,-0.006116
200801,-3.9693144296374907,-3.9779803594422924,-3.099512531066547,0.2505829731,-0.0406372941,0.03,-0.0029,0.015,0.011600000000000006,-0.0006708631,-0.061166
200802,-3.899372592549001,-3.9624865021512785,-3.0659948824578436,0.2627544223,-0.0431791533,0.0275,0.0213,0.0161,0.0121,0.0049705765,-0.031419
200803,-3.8572112618286343,-3.892590969670716,-3.0611141594247995,0.270979321,-0.0496082153,0.0212,0.0018,0.0226,0.012899999999999995,0.0029041122,-0.0034
200804,-3.8444979075018217,-3.850475319743196,-3.0865952614563037,0.2540575672,-0.0518315586,0.0126,0.0106,0.030600000000000002,0.0138,0.0086682129,0.048629
200805,-3.886130427068993,-3.8396794874089366,-3.184119287166066,0.2430146964,-0.0488447293,0.0129,-0.0288,0.0329,0.014199999999999997,0.0060647784,0.012986
200806,-3.8919561990312803,-3.8813386123786304,-3.2485594760176,0.2465106122,-0.0454623897,0.0173,-0.0164,0.0302,0.013600000000000001,0.008420886,-0.082842
200807,-3.7973002030683567,-3.887183753499402,-3.2155610124344864,0.2744913881,-0.0473768859,0.0186,0.022,0.0274,0.013899999999999996,0.0100769969,-0.007306
200808,-3.78574586323079,-3.7956541637172463,-3.241456415926595,0.2738156551,-0.0469318453,0.0163,-0.0025,0.0302,0.014899999999999997,0.0052510111,0.014955
200809,-3.7962158549133607,-3.7840990574526474,-3.290704482668162,0.2698892455,-0.0463334367,0.0172,0.0242,0.027700000000000002,0.015099999999999995,-0.0039915623,-0.085467
200810,-3.6993944355899635,-3.794575222364339,-3.234089218311848,0.2871235482,-0.0489228444,0.0113,0.0112,0.033,0.016599999999999997,-0.0013830185,-0.16698
200811,-3.519168693105829,-3.704805179551816,-3.3038491627690285,0.3340993736,-0.0559541667,0.0067,-0.0383,0.041100000000000005,0.02600000000000001,-0.0101013333,-0.073512
200812,-3.446807022611989,-3.524605369029078,-3.5699089499747534,0.3528673559,-0.0527795751,0.0019,0.1443,0.0353,0.030900000000000004,-0.0191528953,0.011995
200901,-3.4600680761373637,-3.4522769403600817,-4.105981340622804,0.3549842247,-0.0244984636,0.0003,0.0967,0.03,0.0338,-0.0103424738,-0.082615
200902,-3.3838986057625684,-3.47344849127364,-4.214464503193927,0.3893931402,-0.0250561378,0.0013,-0.1124,0.038099999999999995,0.030899999999999997,0.0043524174,-0.103588
200903,-3.28100756237336,-3.3974641061938744,-4.345202008048076,0.441103055,-0.0249274947,0.003,-0.0056,0.037099999999999994,0.0281,0.004972933,0.087634
200904,-3.376708686394564,-3.29475595017992,-4.756238235173014,0.2965282852,-0.0374273876,0.0021,0.0641,0.0334,0.029199999999999997,0.0024317485,0.09423
200905,-3.487005638472275,-3.397233423551305,-4.814910194480225,0.2762275775,-0.030993037,0.0016,-0.0649,0.039400000000000004,0.03,0.0024963683,0.05464
200906,-3.559677217720816,-3.5079566592999343,-4.836482331761346,0.2654320479,-0.0243487574,0.0018,-0.0248,0.0414,0.025200000000000007,0.0028887638,0.002476
200907,-3.5812763173013256,-3.5810805012372553,-4.807398800540686,0.2671078489,-0.0220974913,0.0018,0.0083,0.0411,0.0189,0.0085898923,0.074482
200908,-3.6750931236510267,-3.6035711465621345,-4.677399457487832,0.2460047909,-0.013781643,0.0018,0.0019,0.041199999999999994,0.016800000000000002,-0.0015855869,0.034751
200909,-3.7309097776721583,-3.697900456324022,-4.542775429003003,0.2375940895,-0.0079214037,0.0017,0.0231,0.0398,0.013199999999999996,0.00224285,0.036534
200910,-3.7893453698433657,-3.7542452656874197,-4.43434213370493,0.232310024,-1.43322e-05,0.0012,0.0176,0.0391,0.011800000000000005,0.0006254807,-0.018259
200911,-3.790471495555785,-3.8104313607779625,-3.7105270736503346,0.2322992609,0.0031975992,0.0007,-0.0171,0.0413,0.0114,0.0009631012,0.060257
200912,-3.8677863497090965,-3.8120073341262892,-3.3572969726902486,0.2181048716,0.0075319203,0.0005,0.0208,0.0401,0.011300000000000004,0.0007077534,0.018983
201001,-3.90741521773321,-3.8898006710322277,-3.085462141619366,0.2163645169,0.0105944679,0.0005,-0.0584,0.0453,0.011100000000000006,-0.0017611982,-0.035751
201002,-3.877221687630938,-3.914896828690259,-2.984684176994636,0.2241170201,0.0134096854,0.0006,0.0264,0.0435,0.009899999999999999,0.0034174736,0.030424
201003,-3.9128744393304187,-3.8847596952937584,-2.9534428052043644,0.2185184683,0.0139320766,0.0011,0.0032,0.043000000000000003,0.009899999999999999,0.0002492074,0.061014
201004,-3.9776024610480456,-3.920469700402563,-2.9545460653337354,0.3818781703,0.0263901075,0.0015,-0.0179,0.0443,0.010000000000000009,0.0041062835,0.015977
201005,-3.990233510131284,-3.97558204181942,-2.935999604912668,0.3766061292,0.0266511206,0.0016,0.0304,0.042100000000000005,0.009599999999999997,0.0017368849,-0.080111
201006,-3.902680964159568,-3.9882126177933386,-2.8183383423124253,0.4090027948,0.0257196642,0.0016,0.0437,0.0391,0.0109,0.0007751974,-0.053525
201007,-3.845280305272236,-3.900668685404612,-2.7318191201622195,0.4241765415,0.0187758808,0.0012,0.0446,0.0364,0.013499999999999998,-0.0009762671,0.070451
201008,-3.9070291411573845,-3.8405133578827955,-2.7749633622702055,0.3961335532,0.0155567614,0.0016,0.0024,0.0361,0.012900000000000002,0.0002110431,-0.045434
201009,-3.8536685117614584,-3.9022803149318404,-2.70351521842354,0.4139816191,0.0112177194,0.0016,0.0702,0.0311,0.011699999999999995,0.0013806643,0.090383
201010,-3.932875079099645,-3.8489466040043627,-2.7651158376539726,0.3843057828,0.0033375091,0.0015,-0.0153,0.0326,0.011299999999999998,0.0005817362,0.038726
201011,-3.9634782206598893,-3.927285219949202,-2.7761615152711245,0.3728872859,0.0072316415,0.0013,-0.0317,0.0354,0.0104,0.0012451989,-5.1e-05
201012,-3.9556221008707078,-3.9579150103577683,-2.7493381887257273,0.3766947543,0.0147980073,0.0014,-0.0137,0.0366,0.010500000000000002,0.0004206464,0.067054
201101,-4.013350585608876,-3.95009406838695,-2.788651650765824,0.3581003169,0.0126118489,0.0014,-0.0388,0.04,0.010799999999999997,0.0017184408,0.023349
201102,-4.025500988104683,-4.003108002848165,-2.794123324700265,0.3486322237,0.0153678849,0.0015,-0.0196,0.0417,0.010500000000000002,0.0047632301,0.032508
201103,-4.046818848115427,-4.015362253075283,-2.80894018122083,0.3390965735,0.0159181079,0.0013,0.0113,0.041299999999999996,0.009299999999999996,0.004931365,0.000625
201104,-4.035734025465327,-4.036781876148265,-2.7915249471788766,0.3542699394,0.0124760224,0.001,-0.0006,0.0419,0.009000000000000001,0.009751072,0.029441
201105,-4.05096961450831,-4.022872698141181,-2.80918214342139,0.3406968012,0.0093802004,0.0006,0.0199,0.040999999999999995,0.008599999999999997,0.0064394295,-0.011313
201106,-4.024674548653017,-4.038267442552654,-2.7852561874892148,0.3472221891,0.0091168436,0.0004,0.0355,0.038700000000000005,0.008199999999999999,0.0047041875,-0.016545
201107,-3.9937095752144396,-4.012135808516337,-2.756603765567897,0.3515700392,0.0117335532,0.0004,-0.0179,0.0405,0.007600000000000003,-0.0010709671,-0.019828
201108,-3.960563641813106,-3.982272009248533,-2.722610372553019,0.359418903,0.0123705605,0.0004,0.0422,0.0374,0.008300000000000002,0.0008860457,-0.054323
201109,-3.890787924202854,-3.9492554158219746,-2.652008111017097,0.3758125221,0.0127265619,0.0002,0.0862,0.0313,0.009899999999999999,0.0027575889,-0.070238
201110,-3.805139018080491,-3.8796061456232738,-2.5655505527973936,0.399922847,0.0130493015,0.0001,0.0704,0.0264,0.011799999999999998,0.0015184621,0.109014
201111,-3.8911109829902903,-3.7888043913397,-2.6679721200158024,0.3650779046,0.0078925078,0.0002,-0.0306,0.028900000000000002,0.013899999999999996,-0.0020626826,-0.002727
201112,-3.869971254761377,-3.875042738198058,-2.6630156253678416,0.3623298975,-0.004340313,0.0001,0.0251,0.027200000000000002,0.012700000000000003,-0.0008435613,0.009427
201201,-3.8626498899186408,-3.854153336424494,-2.6716271808746503,0.3572325407,-0.0064973312,0.0001,0.027,0.0254,0.013199999999999996,-0.0024665164,0.045205
201202,-3.8936730355344658,-3.8510130365233284,-2.7082102248775124,0.3454873026,-0.0130621323,0.0003,0.0002,0.024599999999999997,0.0138,0.0044001914,0.043341
201203,-3.9219536759391684,-3.882166344552751,-2.7419573076867767,0.3369739354,-0.0144663133,0.0009,-0.0196,0.026299999999999997,0.012900000000000002,0.0044029736,0.032866
201204,-3.941433075768606,-3.9105815400060346,-2.7668048605310736,0.3461819674,-0.0137750499,0.0008,-0.0302,0.028900000000000002,0.012400000000000001,0.0075945586,-0.006034
201205,-3.922193224394672,-3.9297189691907204,-2.7616163830794695,0.3461403112,-0.0124140257,0.0008,0.0409,0.026000000000000002,0.012299999999999998,0.0030210295,-0.05979
201206,-3.8459119289243993,-3.9106111790948686,-2.6992587411420415,0.3690473597,-0.0152707539,0.0009,0.0643,0.0212,0.012700000000000003,-0.0011734794,0.041465
201207,-3.8732586852868693,-3.834466024043032,-2.740399644017023,0.3551038851,-0.0190430644,0.0009,-0.0136,0.0224,0.0138,-0.0014663969,0.014363
201208,-3.870941206478852,-3.858422257506141,-2.75831643818156,0.3515937051,-0.0203207728,0.001,0.0247,0.0206,0.014699999999999998,-0.0016297859,0.022744
201209,-3.8758888575375328,-3.8563182555331506,-2.783315330089006,0.3493870523,-0.0197829564,0.001,-0.0068,0.0213,0.0143,0.0055651582,0.02512
201210,-3.885427095727564,-3.8614800386773633,-2.8127191482018485,0.3403829538,-0.0174249011,0.0011,-0.0146,0.0224,0.013499999999999998,0.0044622123,-0.017837
201211,-3.8469462252435718,-3.866934061302072,-2.792693162582035,0.3492371221,-0.0157131371,0.001,-0.0014,0.0228,0.011099999999999999,-0.0003889251,0.005326
201212,-3.831631641462638,-3.8287889827249777,-2.7954965172332216,0.3511375309,-0.0120939255,0.0009,0.0144,0.0219,0.010099999999999998,-0.0047380867,0.008508
201301,-3.8208416606685347,-3.813798213557077,-2.802501817738017,0.3490324432,-0.0115491176,0.0007,-0.0202,0.0239,0.009800000000000003,-0.0026930645,0.052361
201302,-3.8608520393132566,-3.811654278620678,-2.8471244632085186,0.3299840266,-0.0080167341,0.0007,-0.0332,0.0284,0.009300000000000003,0.0029573042,0.013013
201303,-3.862751321608627,-3.851751439720471,-2.8535712116926213,0.3254312323,-0.0088642493,0.001,0.0114,0.0275,0.009500000000000001,0.0081900295,0.037584
201304,-3.889088163692632,-3.853732796562549,-2.8843929422629806,0.3461299966,-0.0089106395,0.0009,-0.0062,0.0278,0.0092,0.0026145086,0.019621
201305,-3.895100458039268,-3.877176295922343,-2.890040434509057,0.3400362539,-0.0080048589,0.0006,0.0378,0.0258,0.008600000000000003,-0.0010396395,0.02312
201306,-3.903878988924264,-3.883328814172688,-2.8984617172197638,0.3338325978,-0.0047046811,0.0004,-0.0629,0.0305,0.008400000000000005,0.0017804078,-0.013601
201307,-3.87713135296744,-3.8922443059651415,-2.8713663205477857,0.338444358,0.0001187088,0.0005,-0.0285,0.0325,0.0092,0.0023997081,0.050672
201308,-3.9140746658098444,-3.8657969079328702,-2.9071876236556156,0.3255625651,0.0083606059,0.0004,-0.0173,0.034,0.009799999999999996,0.0003939975,-0.029207
201309,-3.8710689902532027,-3.9028672519365215,-2.8630861633969706,0.3407133274,0.0103321159,0.0004,-0.0079,0.0347,0.008799999999999995,0.0012029316,0.03166
201310,-3.8893013360473287,-3.859985791659327,-2.8802480400603327,0.3335214846,0.010118701,0.0002,0.0061,0.0347,0.008300000000000002,0.0011630045,0.046268
201311,-3.9272475619419787,-3.8836175840298957,-2.9034948246652066,0.324594825,0.0096228184,0.0005,0.0128,0.0337,0.007800000000000001,-0.0025752833,0.030817
201312,-3.9492620859245693,-3.9215988063603633,-2.911181081761332,0.3136852784,0.0103247749,0.0007,-0.0236,0.0354,0.0075,-0.0020424242,0.02595
201401,-3.9669345744899545,-3.9436450596354513,-2.9148858497736025,0.3044081256,0.0121439423,0.0007,-0.0207,0.0371,0.007600000000000003,-8.58115e-05,-0.034666
201402,-3.919000658334378,-3.9552320548613253,-2.8764941138105122,0.3214292767,0.0137652167,0.0004,0.0548,0.033800000000000004,0.006999999999999999,0.0037202477,0.045757
201403,-3.9496468872283876,-3.907433505070839,-2.916552807245848,0.3091630718,0.0165761624,0.0005,0.0074,0.0334,0.006499999999999999,0.0036979087,0.008056
201404,-3.9451202448868274,-3.9382120044642637,-2.9213100000773107,0.3506160657,0.0164163804,0.0005,0.0063,0.0332,0.0068000000000000005,0.0064400441,0.006555
201405,-3.9407498599834705,-3.9345682089549987,-2.9200164376540005,0.3480113191,0.0166232646,0.0003,0.0181,0.032299999999999995,0.006600000000000002,0.0032967545,0.023309
201406,-3.951120205880047,-3.9303080078621124,-2.9334098635961006,0.345173256,0.013985265,0.0003,0.0279,0.0306,0.006000000000000005,0.0034926098,0.020635
201407,-3.9596625638348883,-3.940783585080102,-2.9449237336477925,0.3429284585,0.0138854356,0.0004,-0.0025,0.0309,0.005499999999999998,0.0018621269,-0.013974
201408,-3.9345839174912025,-3.9497786378546382,-2.9205903321946236,0.3483798518,0.0084371731,0.0003,0.0057,0.030699999999999998,0.005700000000000004,-0.000390194,0.039777
201409,-3.9617603977527978,-3.924796728145819,-2.9484990327196225,0.337476204,0.00673899,0.0003,0.0369,0.028399999999999998,0.006099999999999994,-0.0016705142,-0.013928
201410,-3.9364326114578594,-3.9520680698061064,-2.9238889187701522,0.3385761813,0.007991443,0.0002,-0.017,0.0298,0.006900000000000003,0.0007525688,0.023972
201411,-3.9511884192011726,-3.9282520247616466,-2.9583743826707867,0.3318083646,0.0080322917,0.0002,0.03,0.028,0.0076999999999999985,-0.0025122778,0.027631
201412,-3.967311681268297,-3.943074211848858,-2.99429489658187,0.323661786,0.0068915801,0.0002,0.0286,0.0262,0.0087,-0.0053994179,-0.002473
201501,-3.9550680115314343,-3.9592653199817214,-3.00191971869185,0.3237556717,0.0056250385,0.0003,0.029,0.0243,0.009499999999999995,-0.0056701009,-0.02943
201502,-3.9120781450693016,-3.943610966871927,-2.9804066270813676,0.3361687625,0.0001909177,0.0003,0.0709,0.0197,0.009899999999999999,-0.0047058924,0.056976
201503,-3.954189750239276,-3.9007508788087235,-3.0439666406747916,0.318227291,-0.0037666739,0.0002,-0.0523,0.023600000000000003,0.009000000000000001,0.0043430449,-0.014993
201504,-3.925440209690741,-3.9429893551771262,-3.0366421231569403,0.3074540451,-0.0068894585,0.0003,0.0137,0.022699999999999998,0.009000000000000001,0.0059517216,0.009101
201505,-3.9263129987546503,-3.9178283328402004,-3.0598103898358895,0.3063442097,-0.0070747676,0.0002,-0.025,0.0247,0.009599999999999997,0.0020328733,0.012522
201506,-3.9291954104731275,-3.9187586251412876,-3.085148563385629,0.303449953,-0.0080783906,0.0002,-0.0159,0.026000000000000002,0.009099999999999997,0.005097232,-0.019343
201507,-3.900462015887384,-3.921697677800971,-3.0790407579145427,0.3101868327,-0.0087253358,0.0002,-0.0298,0.028300000000000002,0.009399999999999999,0.00350287,0.021297
201508,-3.913895146173752,-3.8943454528920864,-3.1136297493655176,0.3089532648,-0.0087016887,0.0003,0.0329,0.026,0.010499999999999995,6.70472e-05,-0.060086
201509,-3.8431886851151016,-3.907813401566236,-3.0642728835174484,0.3306709874,-0.0101703481,0.0007,0.0012,0.0257,0.011500000000000003,-0.0014162763,-0.024547
201510,-3.8103473380226354,-3.8371460570103513,-3.052979844387055,0.3356119548,-0.0136474755,0.0002,0.0174,0.0251,0.012700000000000003,-0.0015567566,0.083449
201511,-3.8832095757389866,-3.803490232598064,-3.14800097272518,0.3094136283,-0.0168417213,0.0002,-0.0053,0.0257,0.013900000000000003,-0.0004496838,0.003373
201512,-3.876904005779771,-3.8763991701651577,-3.164044243888327,0.3084291577,-0.0184474029,0.0012,-0.0065,0.0253,0.014000000000000005,-0.0021106804,-0.015247
201601,-3.852453996294733,-3.8701396682647125,-3.1621434220666673,0.3136488144,-0.0222618329,0.0023,-0.0022,0.0245,0.014900000000000004,-0.0034170964,-0.0491
201602,-3.796643475274849,-3.8487111162142003,-3.1104225418081297,0.3319106296,-0.0209546615,0.0026,0.0476,0.020999999999999998,0.014499999999999999,0.0016531022,-0.001742
201603,-3.7887776516826785,-3.792914552122737,-3.106632522333566,0.3309018254,-0.0247265015,0.0031,0.0294,0.018600000000000002,0.0138,0.0008230765,0.06734
201604,-3.8489698458296298,-3.7850648609097473,-3.1708845085871022,0.3279547913,-0.0237151337,0.0029,-0.0003,0.0189,0.0131,0.0043060001,0.003747
201605,-3.8472378798285076,-3.8445421467606913,-3.171730957725215,0.3263208887,-0.0242159163,0.0023,-0.0053,0.02,0.011699999999999995,0.004741068,0.018487
201606,-3.8580403717363727,-3.842831957998395,-3.185093501072908,0.3260721193,-0.0270536863,0.0027,0.0082,0.0192,0.010300000000000004,0.004045791,0.002675
201607,-3.8545619598476257,-3.853651527710836,-3.184161463780142,0.3234753617,-0.0286846783,0.0027,0.059,0.015199999999999998,0.010299999999999997,0.0032843662,0.036571
201608,-3.8853193459788016,-3.8503289070350353,-3.2108648900545163,0.3146611589,-0.0316746613,0.003,0.0081,0.014500000000000002,0.009399999999999999,-0.0016181364,0.001247
201609,-3.879884217037102,-3.8811041363975165,-3.2014249369087793,0.3151974253,-0.0307817605,0.003,-0.014,0.0156,0.0092,0.0009184301,0.000446
201610,-3.8744514556910716,-3.8756867008921767,-3.192037798818066,0.3167938869,-0.0326032269,0.0029,-0.0124,0.0167,0.009000000000000001,0.0024039959,-0.017958
201611,-3.8498499718063877,-3.8694667539110763,-3.152198105312163,0.3196877815,-0.0290339989,0.0033,-0.0314,0.018699999999999998,0.0087,0.0012467485,0.03579
201612,-3.878495665531584,-3.8448921930661126,-3.1659795390992667,0.3032857864,-0.0274524804,0.0045,-0.0599,0.0222,0.0085,-0.0015554609,0.019195
201701,-3.89159726004634,-3.873560156994583,-3.1645798918586916,0.2934790969,-0.0251035736,0.0051,-0.0057,0.022099999999999998,0.0077000000000000055,0.0003273214,0.019384
201702,-3.904362209514227,-3.886635911421217,-3.162272359928581,0.29197965,-0.0226576055,0.0051,0.0043,0.022699999999999998,0.007400000000000004,0.0058277279,0.039459
201703,-3.935948452007874,-3.899425354398439,-3.179154095264133,0.2786778326,-0.0187088515,0.0052,0.0137,0.0218,0.006899999999999996,0.0031461174,0.001664
201704,-3.9306486997944465,-3.9310380057345866,-3.159502787625346,0.2815988893,-0.0161988606,0.0074,-0.004,0.02,0.0067000000000000046,0.0008127979,0.010591
201705,-3.9337037899557137,-3.9246536493972757,-3.156232093790413,0.2778700263,-0.0155745578,0.008,0.0145,0.0185,0.006999999999999999,0.0029655334,0.014552
201706,-3.939254184497277,-3.927744466111686,-3.1555699620347566,0.2769687672,-0.0101861403,0.0089,0.0158,0.0167,0.006999999999999999,0.0008547218,0.005798
201707,-3.9381345642568983,-3.9333322817035463,-3.1483477298779183,0.2725452275,-0.0097840063,0.0098,-0.001,0.016,0.006900000000000003,0.000907111,0.020696
201708,-3.9505865245495704,-3.931422563035877,-3.1577536497419976,0.2658036788,-0.0131635508,0.0107,-0.0027,0.015500000000000002,0.006900000000000003,-0.0006899226,0.002238
201709,-3.944463527501362,-3.9439171844450462,-3.14863625108387,0.2651136136,-0.0122128251,0.0101,0.0289,0.0141,0.0068000000000000005,0.0029944523,0.02005
201710,-3.956959406016763,-3.9378404488135144,-3.1581839613439504,0.2597061668,-0.0110851796,0.0103,-0.0205,0.0156,0.006699999999999998,0.0052949059,0.024158
201711,-3.973666854299848,-3.951721255421543,-3.17145141118415,0.2489061986,-0.0123780689,0.0107,-0.0013,0.015400000000000002,0.007200000000000005,-0.0006320421,0.031389
201712,-3.972171163884507,-3.9684580532832507,-3.1665601176672107,0.2397271007,-0.0121925133,0.0123,0.0036,0.013699999999999999,0.006999999999999999,2.43247e-05,0.011149
201801,-4.000753318924749,-3.966987310290994,-3.191796036882346,0.2353933431,-0.0198788747,0.0132,0.0102,0.012199999999999999,0.007100000000000002,-0.0005878323,0.05806
201802,-4.048141383475855,-3.9934839656888292,-3.2297275342860257,0.2225191486,-0.0190436022,0.0141,-0.0315,0.014300000000000002,0.007100000000000002,0.0054477455,-0.037661
201803,-4.0011983769624235,-4.040924492598345,-3.1735497782923616,0.2324780656,-0.0183197976,0.0157,-0.0224,0.0144,0.006900000000000003,0.00453469,-0.025459
201804,-3.9667806836785124,-3.9940331966323046,-3.130112772841115,0.2594615384,-0.0182213491,0.017,0.0259,0.0115,0.0076999999999999985,0.0022611259,0.00377
201805,-3.9629357545185147,-3.9602206427713855,-3.1127034374362292,0.2588168347,-0.0186056626,0.0176,-0.0177,0.012399999999999998,0.008199999999999999,0.0039750916,0.0238
201806,-3.9777966698362284,-3.956418467433591,-3.11435504185994,0.2561382283,-0.0189335034,0.0186,0.0164,0.0103,0.008300000000000002,0.0041589169,0.00684
201807,-3.9761522963969727,-3.9713215829001705,-3.0998399636038707,0.2576624102,-0.022101276,0.019,0.0007,0.010100000000000001,0.0087,0.0015938757,0.037144
201808,-4.002761559015066,-3.9673735790382665,-3.1139287931612225,0.2460666239,-0.0170959218,0.0196,-0.0131,0.010600000000000002,0.0092,6.74633e-05,0.032938
201809,-4.02387548620206,-3.994061164538866,-3.122888956140568,0.2408578222,-0.0214512302,0.0203,0.0152,0.009000000000000001,0.008899999999999998,0.0005555423,0.005138
201810,-4.019533332240523,-4.015248225520201,-3.1067451638782346,0.2363654368,-0.0208344491,0.0213,-0.0518,0.0121,0.009000000000000001,0.0011620252,-0.068409
201811,-3.9386698243920004,-4.010599173447661,-3.0297157202707954,0.2490002293,-0.021216895,0.0225,-0.0204,0.012700000000000003,0.009300000000000003,0.0017667635,0.019752
201812,-3.947514678334576,-3.929812901575281,-3.04234404067988,0.2448789003,-0.0245930674,0.0233,0.0505,0.008399999999999998,0.010000000000000002,-0.0033493485,-0.090646
201901,-3.8424720858242423,-3.938737372942318,-2.941030151949608,0.2680887675,-0.0192279093,0.0237,0.0481,0.004700000000000003,0.011099999999999999,-0.0031939628,0.081409
201902,-3.9108698670642243,-3.8351277122358485,-3.0117490655630794,0.2501565028,-0.0193047054,0.0237,0.008,0.0034000000000000002,0.0119,0.0019065967,0.031708
201903,-3.9328727997623676,-3.9035772067756747,-3.036047272034306,0.241311545,-0.0231593356,0.0239,-0.0091,0.0029,0.0116,0.0042270531,0.019531
201904,-3.9434002996672133,-3.925634757830193,-3.0488395329922895,0.2530880893,-0.0232314942,0.024,0.0447,0.0017000000000000001,0.010700000000000001,0.0056413584,0.040629
201905,-3.9750656146032153,-3.9365052781601255,-3.085219793477158,0.2467665239,-0.0216996946,0.0238,-0.0126,0.0014999999999999979,0.010099999999999998,0.0052950016,-0.063187
201906,-3.9001751247712733,-3.9682160136244775,-3.0150028301911265,0.2644460878,-0.0203583181,0.0235,0.053,0.0005000000000000004,0.009599999999999997,0.0021287586,0.069561
201907,-3.9600322246145065,-3.8933739050802645,-3.0794905395742873,0.2467011142,-0.0125383465,0.0217,0.0104,-0.0010000000000000009,0.0104,0.0001991472,0.014603
201908,-3.9663090892590143,-3.9532663217860042,-3.09839059904804,0.2442739041,-0.012604296,0.021,0.0024,-0.00040000000000000105,0.009899999999999999,0.0016709416,-0.016085
201909,-3.9413295893205174,-3.9595868970353925,-3.0860250934384936,0.2485388245,-0.010142435,0.0195,0.0797,-0.0032000000000000015,0.008899999999999998,-5.06682e-05,0.018791
201910,-3.951689271576843,-3.9346540310531646,-3.1089870552380034,0.24379691,-0.0108381093,0.0189,-0.0192,-0.001899999999999999,0.008800000000000002,0.0007834486,0.021621
201911,-3.965983695840058,-3.945757876257127,-3.1128686175585445,0.2426304844,-0.0131574095,0.0165,-0.0052,0.0005999999999999998,0.0091,0.0022861906,0.036206
201912,-3.9935675662067807,-3.9600872746274574,-3.1302674963798056,0.2339361894,-0.0077962379,0.0154,-0.0059,0.002700000000000001,0.008799999999999999,-0.000536243,0.029787
202001,-4.01589616709858,-3.987707426086292,-3.142629348761143,0.2299438976,-0.0071991555,0.0154,-0.0253,0.003199999999999998,0.008700000000000003,-0.0009097695,0.000108
202002,-4.006626107460177,-4.008255524049795,-3.197892416523729,0.2322421148,-0.0076936915,0.0152,0.0632,0.002400000000000001,0.008299999999999998,0.0038797699,-0.081872
202003,-3.9111855715808854,-3.9990450925170897,-3.1703592374063776,0.2582607418,-0.0055601644,0.0152,0.0588,-0.00020000000000000052,0.008300000000000002,0.0027406181,-0.121997
202004,-3.7699921492850743,-3.9036599178780413,-3.100891187184282,0.3060971381,-0.0077002938,0.0029,0.0625,0.0058,0.0127,-0.002176451,0.128894
202005,-3.888837520423852,-3.769416624186446,-3.2705517632035432,0.2755630148,-0.0105380601,0.0014,0.0082,0.0052,0.017000000000000005,-0.0066869419,0.047818
202006,-3.9325504930642055,-3.888264002833675,-3.367736092311074,0.2643009466,-0.0149669183,0.0013,-0.0097,0.0054,0.014499999999999999,1.95016e-05,0.020348
202007,-3.9501970097028254,-3.931975628698763,-3.4418105465588056,0.2599004838,-0.0168450216,0.0016,0.0023,0.0057,0.012,0.0054720469,0.05691
202008,-4.0084924815257725,-3.9548557031165235,-3.4988462217575176,0.2538481447,-0.0119981517,0.0013,0.0287,0.0049,0.011699999999999999,0.0050582435,0.072068
202009,-4.080892082076098,-4.013172979986444,-3.569974797902047,0.2359749631,-0.0085038846,0.001,-0.0349,0.0055,0.0102,0.0031532105,-0.038151
202010,-4.045576487417745,-4.0855945906613345,-3.5333788511291715,0.2414819827,-0.0056980778,0.0011,0.008,0.005699999999999999,0.010499999999999999,0.0013927469,-0.026409
202011,-4.020768148917826,-4.048823829257515,-3.519300464797338,0.2531462251,-0.0018951134,0.001,-0.0238,0.006900000000000001,0.0109,0.0004149378,0.109404
202012,-4.1261725186699065,-4.024026070351504,-3.6356233917614835,0.2263524912,-0.0052618187,0.0009,0.0093,0.0078,0.010000000000000002,-0.0006106272,0.041572
202101,-4.1658900861411245,-4.1294410888579085,-3.686451671443071,0.2191947588,-9.78825e-05,0.0009,-0.0115,0.0084,0.009000000000000005,0.0009414785,-0.010052
202102,-4.158388676435484,-4.169587793257426,-3.5613444815618776,0.2237556291,0.0026973427,0.0008,-0.0304,0.01,0.007899999999999997,0.0042537835,0.026104
202103,-4.1878587356709165,-4.1621018360037905,-3.4848525389745513,0.2168854181,0.0070137029,0.0004,-0.0581,0.0122,0.0072000000000000015,0.0054743828,0.043314
202104,-4.233146807786361,-4.191583999088919,-3.4336575240582565,0.1980837771,0.0157183432,0.0003,-0.0322,0.015799999999999998,0.007000000000000003,0.0070832731,0.053906
202105,-4.282905525178648,-4.231808203064353,-3.4082944503591817,0.1928601898,0.0200542401,0.0002,0.0238,0.016200000000000003,0.006999999999999996,0.0082189092,0.006208
202106,-4.28704021647614,-4.281568709924119,-3.3427394580565224,0.1892039983,0.0174643028,0.0002,0.0001,0.016,0.006600000000000002,0.0080171052,0.023682
202107,-4.307676025956963,-4.285705185911101,-3.29839510934214,0.1893517312,0.0172545895,0.0004,0.0284,0.0148,0.006499999999999999,0.0092906629,0.024305
202108,-4.32219628512057,-4.2997030558738265,-3.2866080268722175,0.1870050696,0.0160790309,0.0005,0.0305,0.0127,0.006699999999999998,0.0048105235,0.0306
202109,-4.342866132698568,-4.314288081729879,-3.2820426497486386,0.1847560839,0.0148456664,0.0005,-0.0035,0.0123,0.0069,0.0020659114,-0.046076
202110,-4.286280527989492,-4.335018290974114,-3.2012242268066124,0.193036445,0.0155978835,0.0004,-0.025,0.013300000000000001,0.007000000000000003,0.0027159709,0.07051
202111,-4.346731106807405,-4.2798728970092315,-3.2262596315497065,0.1823894543,0.0133682275,0.0005,0.0051,0.015300000000000001,0.006700000000000001,0.0083081186,-0.007256
202112,-4.331997287406339,-4.340365938507326,-3.1777473303564934,0.189454908,0.0156397784,0.0005,0.021,0.015099999999999999,0.006600000000000002,0.0049134275,0.043485
