PERMNO|DATE|PRC
52898|19970102|19.5
52898|19970103|20.25
52898|19970106|20.125
52898|19970107|20
52898|19970108|20.125
52898|19970109|20
52898|19970110|20.125
52898|19970113|20.125
52898|19970114|20.25
52898|19970115|20.125
52898|19970116|20
52898|19970117|19.75
52898|19970120|20
52898|19970121|20
52898|19970122|19.75
52898|19970123|19.875
52898|19970124|20.125
52898|19970127|20.125
52898|19970128|20.375
52898|19970129|20.375
52898|19970130|20.375
52898|19970131|20.5
52898|19970203|20.25
52898|19970204|20.25
52898|19970205|20.375
52898|19970206|20.25
52898|19970207|20.25
52898|19970210|19.75
52898|19970211|20
52898|19970212|20
52898|19970213|20.125
52898|19970214|20.125
52898|19970218|20.25
52898|19970219|20.125
52898|19970220|20.125
52898|19970221|20.375
52898|19970224|20.375
52898|19970225|20.5
52898|19970226|20.25
52898|19970227|20.125
52898|19970228|20.125
52898|19970303|20.125
52898|19970304|20.125
52898|19970305|20.125
52898|19970306|19.875
52898|19970307|19.875
52898|19970310|20
52898|19970311|20
52898|19970312|19.75
52898|19970313|19.625
52898|19970314|19.375
52898|19970317|19
52898|19970318|18.25
52898|19970319|18.5
52898|19970320|18.375
52898|19970321|18.125
52898|19970324|17.75
52898|19970325|17.25
52898|19970326|17.125
52898|19970327|16.625
52898|19970331|15.625
52898|19970401|16.625
52898|19970402|17.25
52898|19970403|17.5
52898|19970404|17.75
52898|19970407|18.875
52898|19970408|19.375
52898|19970409|19.5
52898|19970410|19.625
52898|19970411|19.5
52898|19970414|19.625
52898|19970415|19.875
52898|19970416|19.875
52898|19970417|19.625
52898|19970418|19.875
52898|19970421|19.875
52898|19970422|19.875
52898|19970423|20
52898|19970424|19.5
52898|19970425|19.625
52898|19970428|19.75
52898|19970429|19.875
52898|19970430|20
52898|19970501|19.875
52898|19970502|20
52898|19970505|20
52898|19970506|20.125
52898|19970507|20.125
52898|19970508|20
52898|19970509|19.625
52898|19970512|19.625
52898|19970513|19.5
52898|19970514|19.125
52898|19970515|18.875
52898|19970516|18.875
52898|19970519|18.875
52898|19970520|18.75
52898|19970521|18.625
52898|19970522|18.625
52898|19970523|18.75
52898|19970527|18.625
52898|19970528|18.75
52898|19970529|18.75
52898|19970530|18.75
52898|19970602|18.75
52898|19970603|19
52898|19970604|19
52898|19970605|19
52898|19970606|19
52898|19970609|19.25
52898|19970610|19.125
52898|19970611|18.625
52898|19970612|18.75
52898|19970613|19
52898|19970616|18.875
52898|19970617|18.75
52898|19970618|18.625
52898|19970619|19
52898|19970620|18.75
52898|19970623|18.75
52898|19970624|18.875
52898|19970625|18.75
52898|19970626|18.75
52898|19970627|18.9375
52898|19970630|19.125
52898|19970701|19
52898|19970702|19.1875
52898|19970703|19.25
52898|19970707|19
52898|19970708|19
52898|19970709|18.8125
52898|19970710|18.9375
52898|19970711|18.875
52898|19970714|18.9375
52898|19970715|19
52898|19970716|19.375
52898|19970717|18.9375
52898|19970718|19
52898|19970721|18.875
52898|19970722|18.75
52898|19970723|19
52898|19970724|19
52898|19970725|19.0625
52898|19970728|19
52898|19970729|19.125
52898|19970730|19
52898|19970731|19.1875
52898|19970801|19.1875
52898|19970804|19.75
52898|19970805|20.25
52898|19970806|21.375
52898|19970807|22.5
52898|19970808|22.1875
52898|19970811|22.125
52898|19970812|21.75
52898|19970813|21.9375
52898|19970814|22.3125
52898|19970815|22.3125
52898|19970818|22.375
52898|19970819|22.3125
52898|19970820|23.125
52898|19970821|23.375
52898|19970822|24
52898|19970825|23.6875
52898|19970826|23.625
52898|19970827|23.625
52898|19970828|23.5
52898|19970829|23.1875
52898|19970902|23.4375
52898|19970903|23.1875
52898|19970904|21.875
52898|19970905|21.5625
52898|19970908|21.5
52898|19970909|22.1875
52898|19970910|23.125
52898|19970911|22
52898|19970912|22.9375
52898|19970915|22.625
52898|19970916|22.875
52898|19970917|22.125
52898|19970918|21.75
52898|19970919|21.625
52898|19970922|21
52898|19970923|22
52898|19970924|22.5
52898|19970925|22.5625
52898|19970926|22
52898|19970929|21.625
52898|19970930|21.625
52898|19971001|22.0625
52898|19971002|22.1875
52898|19971003|22.0625
52898|19971006|22.3125
52898|19971007|22.875
52898|19971008|22.625
52898|19971009|22.375
52898|19971010|22.1875
52898|19971013|21.5625
52898|19971014|21.75
52898|19971015|21.875
52898|19971016|21.75
52898|19971017|21.625
52898|19971020|21.8125
52898|19971021|21.6875
52898|19971022|21.4375
52898|19971023|21.4375
52898|19971024|21.375
52898|19971027|20.625
52898|19971028|20.875
52898|19971029|22.75
52898|19971030|22.4375
52898|19971031|22.5625
52898|19971103|23.75
52898|19971104|23.5
52898|19971105|23.75
52898|19971106|23.6875
52898|19971107|23.875
52898|19971110|23.6875
52898|19971111|23.5
52898|19971112|22.6875
52898|19971113|22.25
52898|19971114|22.8125
52898|19971117|23.4375
52898|19971118|23.8125
52898|19971119|23.5625
52898|19971120|24.125
52898|19971121|24.5
52898|19971124|24.25
52898|19971125|24.625
52898|19971126|24.6875
52898|19971128|24.875
52898|19971201|25
52898|19971202|24
52898|19971203|24.625
52898|19971204|25.1875
52898|19971205|25.25
52898|19971208|25.875
52898|19971209|25.0625
52898|19971210|25.0625
52898|19971211|25
52898|19971212|24.3125
52898|19971215|24.4375
52898|19971216|24.875
52898|19971217|25.8125
52898|19971218|26.1875
52898|19971219|27.0625
52898|19971222|27.125
52898|19971223|27.6875
52898|19971224|27.75
52898|19971226|28
52898|19971229|27.875
52898|19971230|28.6875
52898|19971231|29.4375
52898|19980102|30.25
52898|19980105|29.1875
52898|19980106|28.5
52898|19980107|28.375
52898|19980108|28.4375
52898|19980109|28.25
52898|19980112|28.5
52898|19980113|21.1875
52898|19980114|21.625
52898|19980115|22.125
52898|19980116|22.6875
52898|19980120|23.375
52898|19980121|24.125
52898|19980122|24.5
52898|19980123|25.125
52898|19980126|25.25
52898|19980127|24.125
52898|19980128|24.3125
52898|19980129|23.625
52898|19980130|23.0625
52898|19980202|20.625
52898|19980203|20.1875
52898|19980204|21.75
52898|19980205|22.5
52898|19980206|22.4375
52898|19980209|21.625
52898|19980210|21.3125
52898|19980211|21.3125
52898|19980212|21.4375
52898|19980213|21.4375
52898|19980217|21.875
52898|19980218|22.125
52898|19980219|22.0625
52898|19980220|21.75
52898|19980223|21.375
52898|19980224|21.4375
52898|19980225|21.5625
52898|19980226|21.6875
52898|19980227|21.9375
52898|19980302|22.3125
52898|19980303|22
52898|19980304|21.75
52898|19980305|21.25
52898|19980306|21.3125
52898|19980309|21.125
52898|19980310|20.8125
52898|19980311|20.625
52898|19980312|20.5
52898|19980313|20.125
52898|19980316|20.3125
52898|19980317|19.8125
52898|19980318|20.5
52898|19980319|20.9375
52898|19980320|21.1875
52898|19980323|20.8125
52898|19980324|21.1875
52898|19980325|21.25
52898|19980326|20.625
52898|19980327|21.4375
52898|19980330|21.5625
52898|19980331|21.5625
52898|19980401|21.8125
52898|19980402|22.3125
52898|19980403|21.875
52898|19980406|21.125
52898|19980407|21.125
52898|19980408|20.9375
52898|19980409|20.8125
52898|19980413|21.1875
52898|19980414|21.625
52898|19980415|21
52898|19980416|20.25
52898|19980417|20.9375
52898|19980420|21
52898|19980421|20.5
52898|19980422|20.625
52898|19980423|20.125
52898|19980424|19.5
52898|19980427|19.625
52898|19980428|20
52898|19980429|20.5
52898|19980430|21.125
52898|19980501|21.375
52898|19980504|22
52898|19980505|21.5625
52898|19980506|21.75
52898|19980507|21.9375
52898|19980508|21.6875
52898|19980511|20.9375
52898|19980512|20.875
52898|19980513|20.875
52898|19980514|20.875
52898|19980515|20.5625
52898|19980518|19.5
52898|19980519|20
52898|19980520|20.0625
52898|19980521|20.3125
52898|19980522|20.0625
52898|19980526|19.125
52898|19980527|19.125
52898|19980528|19.3125
52898|19980529|19.6875
52898|19980601|19.375
52898|19980602|19.1875
52898|19980603|19.0625
52898|19980604|19.0625
52898|19980605|19.3125
52898|19980608|19.75
52898|19980609|19.9375
52898|19980610|20
52898|19980611|19.875
52898|19980612|20.5
52898|19980615|20.875
52898|19980616|20.6875
52898|19980617|20.8125
52898|19980618|20.5625
52898|19980619|20.5625
52898|19980622|20.25
52898|19980623|20.25
52898|19980624|20.75
52898|19980625|21
52898|19980626|20.875
52898|19980629|20.8125
52898|19980630|21.875
52898|19980701|21.5625
52898|19980702|21.75
52898|19980706|21.8125
52898|19980707|21.375
52898|19980708|21.3125
52898|19980709|21.9375
52898|19980710|21.8125
52898|19980713|21.9375
52898|19980714|21.9375
52898|19980715|21.8125
52898|19980716|21.6875
52898|19980717|21.75
52898|19980720|21.5625
52898|19980721|21.375
52898|19980722|21.1875
52898|19980723|20.75
52898|19980724|21
52898|19980727|20.9375
52898|19980728|20.6875
52898|19980729|20.9375
52898|19980730|21.1875
52898|19980731|21.375
52898|19980803|21.25
52898|19980804|21.375
52898|19980805|21.5
52898|19980806|21.9375
52898|19980807|22.125
52898|19980810|22.3125
52898|19980811|21.75
52898|19980812|23.4375
52898|19980813|23.5
52898|19980814|24
52898|19980817|24.75
52898|19980818|25.375
52898|19980819|24.4375
52898|19980820|23.5625
52898|19980821|23.5
52898|19980824|24.4375
52898|19980825|25.0625
52898|19980826|25.5
52898|19980827|25.0625
52898|19980828|25.75
52898|19980831|25.4375
52898|19980901|26.9375
52898|19980902|26.375
52898|19980903|26.125
52898|19980904|26.25
52898|19980908|26.8125
52898|19980909|26.5
52898|19980910|26.125
52898|19980911|26.5625
52898|19980914|25.8125
52898|19980915|26.25
52898|19980916|25.8125
52898|19980917|25.6875
52898|19980918|27.125
52898|19980921|26.875
52898|19980922|27.6875
52898|19980923|27.8125
52898|19980924|27.125
52898|19980925|27.1875
52898|19980928|27.5
52898|19980929|27.0625
52898|19980930|26.8125
52898|19981001|26.6875
52898|19981002|25.9375
52898|19981005|26.5625
52898|19981006|26.8125
52898|19981007|25.6875
52898|19981008|24.25
52898|19981009|23.0625
52898|19981012|24.0625
52898|19981013|24.125
52898|19981014|24.0625
52898|19981015|23.625
52898|19981016|24.0625
52898|19981019|24.875
52898|19981020|25.3125
52898|19981021|24.6875
52898|19981022|24.625
52898|19981023|24.625
52898|19981026|24.3125
52898|19981027|24
52898|19981028|23.875
52898|19981029|23.625
52898|19981030|24.5625
52898|19981102|25.25
52898|19981103|25.875
52898|19981104|26.3125
52898|19981105|26.6875
52898|19981106|26.6875
52898|19981109|26.3125
52898|19981110|27.5625
52898|19981111|27.5
52898|19981112|27.5
52898|19981113|26.625
52898|19981116|26.125
52898|19981117|26.25
52898|19981118|25.875
52898|19981119|25.5625
52898|19981120|25.5
52898|19981123|25.4375
52898|19981124|25.4375
52898|19981125|25.375
52898|19981127|25.4375
52898|19981130|25.3125
52898|19981201|25.375
52898|19981202|25.1875
52898|19981203|25.625
52898|19981204|26.3125
52898|19981207|26.8125
52898|19981208|27.6875
52898|19981209|28.0625
52898|19981210|27.8125
52898|19981211|27.875
52898|19981214|27.5625
52898|19981215|27.5625
52898|19981216|26.6875
52898|19981217|26.6875
52898|19981218|27.75
52898|19981221|27.875
52898|19981222|28.25
52898|19981223|28.25
52898|19981224|28.25
52898|19981228|28.625
52898|19981229|28.9375
52898|19981230|29.75
52898|19981231|29.5625
52898|19990104|29.0625
52898|19990105|28.875
52898|19990106|28.4375
52898|19990107|28.0625
52898|19990108|28.75
52898|19990111|28
52898|19990112|28.3125
52898|19990113|27.8125
52898|19990114|27.5
52898|19990115|27.1875
52898|19990119|27.375
52898|19990120|27.125
52898|19990121|26.75
52898|19990122|26.375
52898|19990125|26
52898|19990126|25.875
52898|19990127|25.1875
52898|19990128|25
52898|19990129|25.375
52898|19990201|25.0625
52898|19990202|24.75
52898|19990203|24.875
52898|19990204|24.5
52898|19990205|24.8125
52898|19990208|24.375
52898|19990209|24.3125
52898|19990210|24.125
52898|19990211|24.125
52898|19990212|23.8125
52898|19990216|23.9375
52898|19990217|23.625
52898|19990218|23.625
52898|19990219|23.75
52898|19990222|23.6875
52898|19990223|22.5
52898|19990224|21.8125
52898|19990225|21.75
52898|19990226|21.5625
52898|19990301|21.25
52898|19990302|21.25
52898|19990303|21.75
52898|19990304|21.9375
52898|19990305|22
52898|19990308|22.4375
52898|19990309|22.4375
52898|19990310|22.375
52898|19990311|21.25
52898|19990312|21.1875
52898|19990315|20.8125
52898|19990316|20.125
52898|19990317|20.875
52898|19990318|21.3125
52898|19990319|21.9375
52898|19990322|23
52898|19990323|22.75
52898|19990324|21.9375
52898|19990325|21.75
52898|19990326|22.1875
52898|19990329|21.3125
52898|19990330|21.875
52898|19990331|22.6875
52898|19990401|22.625
52898|19990405|22.8125
52898|19990406|22.75
52898|19990407|23
52898|19990408|23.125
52898|19990409|24.8125
52898|19990412|24.25
52898|19990413|24
52898|19990414|25.0625
52898|19990415|25.25
52898|19990416|25.75
52898|19990419|24.9375
52898|19990420|25.125
52898|19990421|25.1875
52898|19990422|25
52898|19990423|24.5
52898|19990426|23.75
52898|19990427|23.5
52898|19990428|22.75
52898|19990429|22.9375
52898|19990430|22.5625
52898|19990503|23
52898|19990504|23.125
52898|19990505|22.5
52898|19990506|22
52898|19990507|22.0625
52898|19990510|23.25
52898|19990511|22.875
52898|19990512|22.625
52898|19990513|22.875
52898|19990514|22.8125
52898|19990517|22.75
52898|19990518|22.875
52898|19990519|23.0625
52898|19990520|24.4375
52898|19990521|23.5625
52898|19990524|23.375
52898|19990525|22.875
52898|19990526|22.4375
52898|19990527|21.875
52898|19990528|22
52898|19990601|22.9375
52898|19990602|22.9375
52898|19990603|22.5
52898|19990604|22.6875
52898|19990607|22.875
52898|19990608|22.875
52898|19990609|22.75
52898|19990610|22.4375
52898|19990611|22
52898|19990614|21.75
52898|19990615|22.25
52898|19990616|22.75
52898|19990617|23
52898|19990618|23.25
52898|19990621|23.4375
52898|19990622|23.1875
52898|19990623|23.3125
52898|19990624|23.1875
52898|19990625|23.125
52898|19990628|23.125
52898|19990629|23
52898|19990630|23.0625
52898|19990701|23
52898|19990702|23.375
52898|19990706|22.625
52898|19990707|22.3125
52898|19990708|22.0625
52898|19990709|22.4375
52898|19990712|23.0625
52898|19990713|23.125
52898|19990714|23.6875
52898|19990715|24.375
52898|19990716|24.5625
52898|19990719|23.5
52898|19990720|23
52898|19990721|22.6875
52898|19990722|22.625
52898|19990723|22.625
52898|19990726|21.875
52898|19990727|21.4375
52898|19990728|22.75
52898|19990729|22.9375
52898|19990730|22.875
52898|19990802|23
52898|19990803|23.0625
52898|19990804|22.75
52898|19990805|22.6875
52898|19990806|22.6875
52898|19990809|22.125
52898|19990810|22.625
52898|19990811|22.1875
52898|19990812|22.25
52898|19990813|21.875
52898|19990816|21.5625
52898|19990817|21.4688
52898|19990818|22
52898|19990819|23.25
52898|19990820|24.375
52898|19990823|25
52898|19990824|25
52898|19990825|25.0625
52898|19990826|24.75
52898|19990827|24.25
52898|19990830|24.0625
52898|19990831|23.1875
52898|19990901|23.6875
52898|19990902|24.125
52898|19990903|24.3125
52898|19990907|24.5625
52898|19990908|24.3125
52898|19990909|24.0625
52898|19990910|24.625
52898|19990913|24.1875
52898|19990914|23.375
52898|19990915|23.4375
52898|19990916|23.625
52898|19990917|23.25
52898|19990920|23.25
52898|19990921|23.375
52898|19990922|23.125
52898|19990923|23.25
52898|19990924|22.8125
52898|19990927|23.375
52898|19990928|23.4375
52898|19990929|23.3125
52898|19990930|23.5625
52898|19991001|22.875
52898|19991004|22.625
52898|19991005|22
52898|19991006|22.6875
52898|19991007|22.8125
52898|19991008|23
52898|19991011|22.75
52898|19991012|22.5625
52898|19991013|22.125
52898|19991014|21.625
52898|19991015|22
52898|19991018|21.875
52898|19991019|21.5625
52898|19991020|22.125
52898|19991021|22
52898|19991022|22
52898|19991025|21.875
52898|19991026|21.4375
52898|19991027|22.0625
52898|19991028|23
52898|19991029|23
52898|19991101|23.0625
52898|19991102|23.0625
52898|19991103|23.5
52898|19991104|23.8125
52898|19991105|24.0625
52898|19991108|23.75
52898|19991109|23.1875
52898|19991110|23.125
52898|19991111|22.6875
52898|19991112|22.75
52898|19991115|22.9375
52898|19991116|22.625
52898|19991117|22.5625
52898|19991118|22.3125
52898|19991119|21.9375
52898|19991122|22.0625
52898|19991123|21.75
52898|19991124|21.875
52898|19991126|22.5
52898|19991129|23.25
52898|19991130|23.125
52898|19991201|23.125
52898|19991202|22.3125
52898|19991203|22.5625
52898|19991206|22.125
52898|19991207|21.5625
52898|19991208|21.5625
52898|19991209|20.875
52898|19991210|21.5
52898|19991213|21.875
52898|19991214|22.1875
52898|19991215|22.1875
52898|19991216|21.4375
52898|19991217|21
52898|19991220|20.6875
52898|19991221|21.3125
52898|19991222|21.25
52898|19991223|20.25
52898|19991227|20.9375
52898|19991228|20.6875
52898|19991229|20.6875
52898|19991230|20.375
52898|19991231|20.6875
52898|20000103|20.125
52898|20000104|19.9375
52898|20000105|19.9375
52898|20000106|19.875
52898|20000107|20.5
52898|20000110|20.25
52898|20000111|20.875
52898|20000112|20.875
52898|20000113|21.4375
52898|20000114|21.125
52898|20000118|21.25
52898|20000119|21.375
52898|20000120|21.5
52898|20000121|21.375
52898|20000124|21.3125
52898|20000125|21.5625
52898|20000126|20.9375
52898|20000127|20.625
52898|20000128|20.5625
52898|20000131|20.0625
52898|20000201|20
52898|20000202|19.6875
52898|20000203|19.625
52898|20000204|19.1875
52898|20000207|18.8125
52898|20000208|19.1875
52898|20000209|19.125
52898|20000210|18.625
52898|20000211|18.125
52898|20000214|17.5625
52898|20000215|18
52898|20000216|18.3125
52898|20000217|18.125
52898|20000218|18
52898|20000222|18.3125
52898|20000223|18.125
52898|20000224|17.3125
52898|20000225|17.8125
52898|20000228|17.75
52898|20000229|18.5
52898|20000301|18.125
52898|20000302|18.4375
52898|20000303|18.3125
52898|20000306|18.375
52898|20000307|17.6875
52898|20000308|17.125
52898|20000309|16.875
52898|20000310|16.875
52898|20000313|16.875
52898|20000314|17.75
52898|20000315|18.875
52898|20000316|18.875
52898|20000317|18.875
52898|20000320|18.8125
52898|20000321|18.8125
52898|20000322|18
52898|20000323|18
52898|20000324|18.625
52898|20000327|18.4375
52898|20000328|18.4375
52898|20000329|18
52898|20000330|18.25
52898|20000331|18.125
52898|20000403|18.125
52898|20000404|20.375
52898|20000405|21.4375
52898|20000406|20.8125
52898|20000407|22.5
52898|20000410|22.75
52898|20000411|23.1875
52898|20000412|23.125
52898|20000413|22.75
52898|20000414|23.3125
52898|20000417|23.5
52898|20000418|23.875
52898|20000419|24
52898|20000420|23.6875
52898|20000424|23.625
52898|20000425|23.875
52898|20000426|24.0625
52898|20000427|23.625
52898|20000428|24
52898|20000501|24.625
52898|20000502|24.9375
52898|20000503|23.5625
52898|20000504|23.6875
52898|20000505|24.375
52898|20000508|23.375
52898|20000509|23
52898|20000510|22.375
52898|20000511|23.9375
52898|20000512|23.9375
52898|20000515|23.5625
52898|20000516|23.75
52898|20000517|22.5
52898|20000518|22.5625
52898|20000519|22.125
52898|20000522|22.3125
52898|20000523|22.1875
52898|20000524|22.375
52898|20000525|22.4375
52898|20000526|23.4375
52898|20000530|24.125
52898|20000531|24.75
52898|20000601|23.875
52898|20000602|24.4375
52898|20000605|23.625
52898|20000606|23.625
52898|20000607|23.4375
52898|20000608|22.9375
52898|20000609|23.375
52898|20000612|22.6875
52898|20000613|22.875
52898|20000614|22.6875
52898|20000615|23.4375
52898|20000616|22.1875
52898|20000619|20.9375
52898|20000620|21
52898|20000621|21
52898|20000622|20.625
52898|20000623|21.5
52898|20000626|21
52898|20000627|21.25
52898|20000628|22
52898|20000629|21.875
52898|20000630|20.5
52898|20000703|20.1875
52898|20000705|20.5
52898|20000706|21.6875
52898|20000707|21.125
52898|20000710|21.125
52898|20000711|21.5625
52898|20000712|21.625
52898|20000713|21.9375
52898|20000714|21.75
52898|20000717|22.5
52898|20000718|22.25
52898|20000719|21.5625
52898|20000720|20.5
52898|20000721|21.3125
52898|20000724|21.625
52898|20000725|20.875
52898|20000726|21.4375
52898|20000727|20.9375
52898|20000728|20.625
52898|20000731|22.1875
52898|20000801|22.1875
52898|20000802|23
52898|20000803|23.75
52898|20000804|23.25
52898|20000807|23.0625
52898|20000808|23.125
52898|20000809|22.875
52898|20000810|22.8125
52898|20000811|23.5
52898|20000814|22.8125
52898|20000815|22.9375
52898|20000816|23
52898|20000817|22.875
52898|20000818|22.625
52898|20000821|22.625
52898|20000822|22.5
52898|20000823|22.25
52898|20000824|22.1875
52898|20000825|22.0625
52898|20000828|21.6875
52898|20000829|22.375
52898|20000830|22.75
52898|20000831|23.4375
52898|20000901|23.9375
52898|20000905|23.875
52898|20000906|23.9375
52898|20000907|24.125
52898|20000908|23.875
52898|20000911|23.625
52898|20000912|23.5625
52898|20000913|23.6875
52898|20000914|23.3125
52898|20000915|23.375
52898|20000918|22.9375
52898|20000919|22.5
52898|20000920|22.625
52898|20000921|22.5
52898|20000922|22.9375
52898|20000925|22.4375
52898|20000926|22.6875
52898|20000927|23.375
52898|20000928|23.375
52898|20000929|23.1875
52898|20001002|23.0625
52898|20001003|23.1875
52898|20001004|23.125
52898|20001005|22.3125
52898|20001006|21.9375
52898|20001009|22.125
52898|20001010|21.9375
52898|20001011|21.75
52898|20001012|21.9375
52898|20001013|22
52898|20001016|21.875
52898|20001017|21.75
52898|20001018|22.3125
52898|20001019|22.1875
52898|20001020|21.4375
52898|20001023|21.5625
52898|20001024|21.6875
52898|20001025|21.375
52898|20001026|21.5625
52898|20001027|22
52898|20001030|23
52898|20001031|23.4375
52898|20001101|23.5625
52898|20001102|23
52898|20001103|23.0625
52898|20001106|23.1875
52898|20001107|23.9375
52898|20001108|23.625
52898|20001109|23.9375
52898|20001110|23.75
52898|20001113|24.125
52898|20001114|24.0625
52898|20001115|23.8125
52898|20001116|23.5
52898|20001117|24.125
52898|20001120|24
52898|20001121|24.25
52898|20001122|24.125
52898|20001124|24
52898|20001127|23.75
52898|20001128|23.5
52898|20001129|23.375
52898|20001130|23.4375
52898|20001201|24
52898|20001204|19.3125
52898|20001205|18.75
52898|20001206|18.9375
52898|20001207|18.3125
52898|20001208|18.9375
52898|20001211|19.875
52898|20001212|19.375
52898|20001213|19.3125
52898|20001214|19.875
52898|20001215|20
52898|20001218|21.375
52898|20001219|21
52898|20001220|21
52898|20001221|21.3125
52898|20001222|22.1875
52898|20001226|22.375
52898|20001227|23.875
52898|20001228|24.8125
52898|20001229|24.5
52898|20010102|22.875
52898|20010103|22.6875
52898|20010104|22.5625
52898|20010105|21.4375
52898|20010108|20.9375
52898|20010109|20.75
52898|20010110|20.375
52898|20010111|20
52898|20010112|20.125
52898|20010116|20.9375
52898|20010117|20.1875
52898|20010118|20.625
52898|20010119|21.1875
52898|20010122|22
52898|20010123|22.3125
52898|20010124|21.875
52898|20010125|20.75
52898|20010126|21.5
52898|20010129|21.75
52898|20010130|21.73
52898|20010131|21.2
52898|20010201|21.5
52898|20010202|21.2
52898|20010205|21.58
52898|20010206|22.36
52898|20010207|22.09
52898|20010208|21.75
52898|20010209|22.02
52898|20010212|23
52898|20010213|23.41
52898|20010214|23.57
52898|20010215|23.38
52898|20010216|23
52898|20010220|22.81
52898|20010221|22.2
52898|20010222|22.35
52898|20010223|22.62
52898|20010226|23
52898|20010227|23.03
52898|20010228|23
52898|20010301|23.3
52898|20010302|23.37
52898|20010305|23.83
52898|20010306|23.9
52898|20010307|23.96
52898|20010308|24
52898|20010309|23.66
52898|20010312|23.77
52898|20010313|23.17
52898|20010314|23.6
52898|20010315|23
52898|20010316|23.01
52898|20010319|23.6
52898|20010320|23.07
52898|20010321|22.2
52898|20010322|22.05
52898|20010323|21.76
52898|20010326|22.16
52898|20010327|22.6
52898|20010328|21.28
52898|20010329|22.95
52898|20010330|23.56
52898|20010402|23.65
52898|20010403|23.4
52898|20010404|23.1
52898|20010405|24.1
52898|20010406|23.3
52898|20010409|23.5
52898|20010410|24
52898|20010411|23.31
52898|20010412|23.19
52898|20010416|23.06
52898|20010417|23
52898|20010418|22.12
52898|20010419|21.94
52898|20010420|21.3
52898|20010423|21.45
52898|20010424|21.96
52898|20010425|22.75
52898|20010426|23.29
52898|20010427|23.71
52898|20010430|23.3
52898|20010501|23.79
52898|20010502|23.6
52898|20010503|23.11
52898|20010504|23.15
52898|20010507|22.7
52898|20010508|23.06
52898|20010509|23.16
52898|20010510|23.84
52898|20010511|23.94
52898|20010514|24.14
52898|20010515|24.15
52898|20010516|24.08
52898|20010517|24.1
52898|20010518|24.44
52898|20010521|24.13
52898|20010522|23.94
52898|20010523|23.35
52898|20010524|23.95
52898|20010525|24.25
52898|20010529|24.05
52898|20010530|23.38
52898|20010531|22.82
52898|20010601|22.5
52898|20010604|22.55
52898|20010605|23.66
52898|20010606|23.4
52898|20010607|23.18
52898|20010608|23.08
52898|20010611|23.2
52898|20010612|23.85
52898|20010613|23.35
52898|20010614|22.91
52898|20010615|23.42
52898|20010618|23.7
52898|20010619|23.64
52898|20010620|24.5
52898|20010621|22
52898|20010622|22.7
52898|20010625|22.37
52898|20010626|23.55
52898|20010627|24.2
52898|20010628|24.3
52898|20010629|25.5
52898|20010702|24.55
52898|20010703|24.62
52898|20010705|24.61
52898|20010706|25.05
52898|20010709|24.65
52898|20010710|24.01
52898|20010711|23.32
52898|20010712|23.72
52898|20010713|24.4
52898|20010716|24.47
52898|20010717|24.74
52898|20010718|24.8
52898|20010719|25.09
52898|20010720|24.85
52898|20010723|24.8
52898|20010724|24.9
52898|20010725|25.25
52898|20010726|25.67
52898|20010727|25.4
52898|20010730|25.6
52898|20010731|25.54
52898|20010801|25.6
52898|20010802|25.62
52898|20010803|26
52898|20010806|25.85
52898|20010807|26.02
52898|20010808|25.88
52898|20010809|26.17
52898|20010810|26.27
52898|20010813|27.13
52898|20010814|28.19
52898|20010815|28.09
52898|20010816|28.85
52898|20010817|28.35
52898|20010820|28.87
52898|20010821|28.8
52898|20010822|28.4
52898|20010823|27.99
52898|20010824|28.7
52898|20010827|28.8
52898|20010828|28.1
52898|20010829|28.34
52898|20010830|28.17
52898|20010831|27.6
52898|20010904|27.57
52898|20010905|27.66
52898|20010906|26.62
52898|20010907|26.9
52898|20010910|26.05
52898|20010917|27.03
52898|20010918|27.06
52898|20010919|25.94
52898|20010920|24.55
52898|20010921|25.58
52898|20010924|26.09
52898|20010925|27.14
52898|20010926|26.27
52898|20010927|26.3
52898|20010928|26.26
52898|20011001|26.27
52898|20011002|26.8
52898|20011003|26.82
52898|20011004|27.35
52898|20011005|27.01
52898|20011008|26.93
52898|20011009|27.1
52898|20011010|28.87
52898|20011011|28.5
52898|20011012|27.8
52898|20011015|28.45
52898|20011016|28.34
52898|20011017|27.4
52898|20011018|27.2
52898|20011019|28.25
52898|20011022|28.41
52898|20011023|27.77
52898|20011024|27.5
52898|20011025|28.25
52898|20011026|28.87
52898|20011029|28.55
52898|20011030|28.33
52898|20011031|28.5
52898|20011101|28.15
52898|20011102|27.85
52898|20011105|28.33
52898|20011106|28.5
52898|20011107|28.75
52898|20011108|29.28
52898|20011109|29.2
52898|20011112|29.25
52898|20011113|29.47
52898|20011114|29.27
52898|20011115|29.15
52898|20011116|29.04
52898|20011119|29.24
52898|20011120|29.07
52898|20011121|29.29
52898|20011123|29.6
52898|20011126|30.29
52898|20011127|30.05
52898|20011128|30
52898|20011129|30
52898|20011130|29.97
52898|20011203|23.77
52898|20011204|24
52898|20011205|24.05
52898|20011206|23.45
52898|20011207|23.98
52898|20011210|22.88
52898|20011211|22
52898|20011212|22.12
52898|20011213|21.99
52898|20011214|22.14
52898|20011217|23.59
52898|20011218|23.53
52898|20011219|23.3
52898|20011220|23.07
52898|20011221|23.85
52898|20011224|23.49
52898|20011226|23.45
52898|20011227|23.47
52898|20011228|23.25
52898|20011231|22.55
52898|20020102|22.72
52898|20020103|22.93
52898|20020104|22.82
52898|20020107|22.71
52898|20020108|22.7
52898|20020109|22.5
52898|20020110|22.6
52898|20020111|22.55
52898|20020114|21.42
52898|20020115|21.8
52898|20020116|22.2
52898|20020117|22.47
52898|20020118|21.81
52898|20020122|22.11
52898|20020123|22.45
52898|20020124|22.6
52898|20020125|22.65
52898|20020128|22.74
52898|20020129|22.75
52898|20020130|23.24
52898|20020131|23.4
52898|20020201|22.8
52898|20020204|22.1
52898|20020205|22.71
52898|20020206|22.75
52898|20020207|22.7
52898|20020208|22.8
52898|20020211|22.98
52898|20020212|23.14
52898|20020213|23.25
52898|20020214|23.13
52898|20020215|23.33
52898|20020219|22.76
52898|20020220|23.29
52898|20020221|22.75
52898|20020222|23.25
52898|20020225|23.25
52898|20020226|23.27
52898|20020227|23.45
52898|20020228|23.22
52898|20020301|23.83
52898|20020304|24.45
52898|20020305|24.15
52898|20020306|24.33
52898|20020307|23.99
52898|20020308|24
52898|20020311|23.6
52898|20020312|23.81
52898|20020313|23.66
52898|20020314|23.72
52898|20020315|23.59
52898|20020318|24.2
52898|20020319|24.3
52898|20020320|23.88
52898|20020321|23.94
52898|20020322|24.13
52898|20020325|24.01
52898|20020326|24.1
52898|20020327|24
52898|20020328|23.5
52898|20020401|23.6
52898|20020402|23.8
52898|20020403|23.05
52898|20020404|23.27
52898|20020405|23.01
52898|20020408|23.33
52898|20020409|23.52
52898|20020410|23.8
52898|20020411|23.8
52898|20020412|24.43
52898|20020415|23.95
52898|20020416|24.4
52898|20020417|23.95
52898|20020418|24.17
52898|20020419|24.25
52898|20020422|24.26
52898|20020423|24.25
52898|20020424|23.99
52898|20020425|23.93
52898|20020426|23.8
52898|20020429|23.78
52898|20020430|24.1
52898|20020501|24
52898|20020502|24.55
52898|20020503|24.8
52898|20020506|24.11
52898|20020507|24.52
52898|20020508|24.98
52898|20020509|24.61
52898|20020510|23.9
52898|20020513|22.8
52898|20020514|22.08
52898|20020515|22
52898|20020516|21.8
52898|20020517|21.98
52898|20020520|22.19
52898|20020521|21.64
52898|20020522|21.98
52898|20020523|21.92
52898|20020524|21.8
52898|20020528|21.49
52898|20020529|21.17
52898|20020530|20.8
52898|20020531|20.7
52898|20020603|19.41
52898|20020604|19.19
52898|20020605|19.5
52898|20020606|19.01
52898|20020607|20.15
52898|20020610|19.86
52898|20020611|19.51
52898|20020612|19.94
52898|20020613|19.46
52898|20020614|19.8
52898|20020617|21.08
52898|20020618|20.95
52898|20020619|20.55
52898|20020620|19.87
52898|20020621|19.95
52898|20020624|19.34
52898|20020625|19.35
52898|20020626|18.8
52898|20020627|19.74
52898|20020628|20.2
52898|20020701|19.9
52898|20020702|19.35
52898|20020703|18.59
52898|20020705|18.52
52898|20020708|18.91
52898|20020709|18.55
52898|20020710|18.12
52898|20020711|18.01
52898|20020712|18.22
52898|20020715|18.1
52898|20020716|17.51
52898|20020717|17.7
52898|20020718|16.8
52898|20020719|16.28
52898|20020722|16.7
52898|20020723|16.46
52898|20020724|17.18
52898|20020725|17.74
52898|20020726|18.35
52898|20020729|19.55
52898|20020730|19.81
52898|20020731|19.8
52898|20020801|19.45
52898|20020802|19.32
52898|20020805|19.01
52898|20020806|19.3
52898|20020807|19.54
52898|20020808|19.43
52898|20020809|19.55
52898|20020812|19.95
52898|20020813|19.58
52898|20020814|19.7
52898|20020815|19.67
52898|20020816|19.66
52898|20020819|19.77
52898|20020820|19.68
52898|20020821|20.07
52898|20020822|19.95
52898|20020823|19.73
52898|20020826|19.86
52898|20020827|19.74
52898|20020828|19.55
52898|20020829|19.38
52898|20020830|18.86
52898|20020903|18.1
52898|20020904|18.53
52898|20020905|18.48
52898|20020906|18.89
52898|20020909|18.78
52898|20020910|18.9
52898|20020911|19.32
52898|20020912|19.04
52898|20020913|18.75
52898|20020916|18.1
52898|20020917|18.05
52898|20020918|18.22
52898|20020919|18.78
52898|20020920|19.01
52898|20020923|19.05
52898|20020924|19.16
52898|20020925|19.85
52898|20020926|20.2
52898|20020927|19.95
52898|20020930|20.3
52898|20021001|20.73
52898|20021002|20.87
52898|20021003|21.01
52898|20021004|20.33
52898|20021007|19.86
52898|20021008|20.24
52898|20021009|19.61
52898|20021010|20.17
52898|20021011|19.78
52898|20021014|20.2
52898|20021015|20.33
52898|20021016|20.21
52898|20021017|20.17
52898|20021018|20.28
52898|20021021|20.15
52898|20021022|20.03
52898|20021023|20.23
52898|20021024|20.3
52898|20021025|20.46
52898|20021028|20.23
52898|20021029|20.48
52898|20021030|20.98
52898|20021031|21.49
52898|20021101|21.56
52898|20021104|21.5
52898|20021105|21.6
52898|20021106|21.4
52898|20021107|20.96
52898|20021108|21.14
52898|20021111|21.08
52898|20021112|20.96
52898|20021113|20.89
52898|20021114|20.85
52898|20021115|20.75
52898|20021118|20.55
52898|20021119|20.6
52898|20021120|20.39
52898|20021121|20.11
52898|20021122|20.27
52898|20021125|20.35
52898|20021126|19.97
52898|20021127|20.08
52898|20021129|19.99
52898|20021202|20.95
52898|20021203|20.76
52898|20021204|20.79
52898|20021205|20.72
52898|20021206|20.58
52898|20021209|20.57
52898|20021210|20.68
52898|20021211|20.55
52898|20021212|21.04
52898|20021213|20.54
52898|20021216|21.15
52898|20021217|21.07
52898|20021218|20.81
52898|20021219|20.63
52898|20021220|20.7
52898|20021223|20.71
52898|20021224|20.75
52898|20021226|20.74
52898|20021227|20.4
52898|20021230|20.43
52898|20021231|20.6
52898|20030102|20.68
52898|20030103|20.65
52898|20030106|20.72
52898|20030107|20.49
52898|20030108|20.67
52898|20030109|20.35
52898|20030110|20.22
52898|20030113|20.58
52898|20030114|20.69
52898|20030115|20.8
52898|20030116|20.68
52898|20030117|20.55
52898|20030121|20.21
52898|20030122|20.18
52898|20030123|20.24
52898|20030124|20.1
52898|20030127|19.71
52898|20030128|20.19
52898|20030129|20
52898|20030130|20.1
52898|20030131|20.1
52898|20030203|20.09
52898|20030204|20.03
52898|20030205|20.17
52898|20030206|20.05
52898|20030207|20.44
52898|20030210|20.59
52898|20030211|20.56
52898|20030212|20.1
52898|20030213|20.45
52898|20030214|20.75
52898|20030218|20.89
52898|20030219|20.86
52898|20030220|20.98
52898|20030221|20.8
52898|20030224|20.79
52898|20030225|20.87
52898|20030226|20.5
52898|20030227|20.6
52898|20030228|20.93
52898|20030303|20.78
52898|20030304|20.53
52898|20030305|20.81
52898|20030306|20.65
52898|20030307|20.78
52898|20030310|20.63
52898|20030311|20.72
52898|20030312|20.55
52898|20030313|20.67
52898|20030314|20.87
52898|20030317|21.1
52898|20030318|21.08
52898|20030319|21.12
52898|20030320|21.05
52898|20030321|21.72
52898|20030324|21.28
52898|20030325|21.59
52898|20030326|21.52
52898|20030327|21.63
52898|20030328|22.15
52898|20030331|21.95
52898|20030401|22.27
52898|20030402|22.32
52898|20030403|22.25
52898|20030404|22.47
52898|20030407|21.76
52898|20030408|21.92
52898|20030409|21.7
52898|20030410|21.82
52898|20030411|21.85
52898|20030414|21.83
52898|20030415|21.99
52898|20030416|22.06
52898|20030417|22.01
52898|20030421|21.93
52898|20030422|22.2
52898|20030423|21.95
52898|20030424|22.15
52898|20030425|22.46
52898|20030428|22.86
52898|20030429|22.8
52898|20030430|22.65
52898|20030501|22.55
52898|20030502|22.44
52898|20030505|22.62
52898|20030506|23.15
52898|20030507|22.6
52898|20030508|22.56
52898|20030509|22.99
52898|20030512|23.11
52898|20030513|23.08
52898|20030514|22.67
52898|20030515|23.1
52898|20030516|23.09
52898|20030519|22.8
52898|20030520|23
52898|20030521|22.9
52898|20030522|22.85
52898|20030523|23.48
52898|20030527|23.25
52898|20030528|23.47
52898|20030529|23.26
52898|20030530|23.52
52898|20030602|23.21
52898|20030603|23.4
52898|20030604|23.83
52898|20030605|24
52898|20030606|24.02
52898|20030609|23.56
52898|20030610|24.14
52898|20030611|24.1
52898|20030612|24.44
52898|20030613|24
52898|20030616|24.4
52898|20030617|24.1
52898|20030618|24.25
52898|20030619|24.5
52898|20030620|24.7
52898|20030623|24.7
52898|20030624|24.65
52898|20030625|24.7
52898|20030626|24.6
52898|20030627|24.4
52898|20030630|24.38
52898|20030701|24.44
52898|20030702|24.3
52898|20030703|24.27
52898|20030707|24.3
52898|20030708|24.03
52898|20030709|23.92
52898|20030710|23.95
52898|20030711|24.09
52898|20030714|24.4
52898|20030715|24.13
52898|20030716|24
52898|20030717|23.8
52898|20030718|23.97
52898|20030721|23.64
52898|20030722|23.7
52898|20030723|23.67
52898|20030724|23.69
52898|20030725|23.42
52898|20030728|23.21
52898|20030729|23.32
52898|20030730|23.5
52898|20030731|23.94
52898|20030801|23.35
52898|20030804|23.4
52898|20030805|23.15
52898|20030806|23.41
52898|20030807|23.26
52898|20030808|23.04
52898|20030811|23.27
52898|20030812|23.5
52898|20030813|23.35
52898|20030814|23.46
52898|20030815|23.76
52898|20030818|23.8
52898|20030819|23.47
52898|20030820|23.57
52898|20030821|23.49
52898|20030822|23.4
52898|20030825|23.41
52898|20030826|23.25
52898|20030827|23.35
52898|20030828|23.45
52898|20030829|23.65
52898|20030902|23.87
52898|20030903|23.8
52898|20030904|23.97
52898|20030905|23.89
52898|20030908|24.17
52898|20030909|24.2
52898|20030910|24.08
52898|20030911|24.07
52898|20030912|24.03
52898|20030915|23.98
52898|20030916|24.1
52898|20030917|24.18
52898|20030918|24.31
52898|20030919|24.55
52898|20030922|24.38
52898|20030923|24.38
52898|20030924|23.96
52898|20030925|24.06
52898|20030926|24.2
52898|20030929|24.41
52898|20030930|24.08
52898|20031001|24.3
52898|20031002|24.49
52898|20031003|24.73
52898|20031006|24.95
52898|20031007|25
52898|20031008|24.91
52898|20031009|24.8
52898|20031010|24.84
52898|20031013|24.85
52898|20031014|24.89
52898|20031015|24.54
52898|20031016|24.5
52898|20031017|24.32
52898|20031020|24.44
52898|20031021|24.5
52898|20031022|24.06
52898|20031023|24.01
52898|20031024|23.93
52898|20031027|23.99
52898|20031028|24.1
52898|20031029|24.14
52898|20031030|24.04
52898|20031031|23.62
52898|20031103|24.21
52898|20031104|23.75
52898|20031105|23.94
52898|20031106|23.9
52898|20031107|23.72
52898|20031110|23.86
52898|20031111|23.92
52898|20031112|24.16
52898|20031113|24.22
52898|20031114|24.24
52898|20031117|24.32
52898|20031118|24.4
52898|20031119|24.91
52898|20031120|24.9
52898|20031121|25.15
52898|20031124|25.9
52898|20031125|26
52898|20031126|26.9
52898|20031128|27.08
52898|20031201|27.39
52898|20031202|21.47
52898|20031203|20.65
52898|20031204|21.38
52898|20031205|21.24
52898|20031208|21.29
52898|20031209|21.51
52898|20031210|21.42
52898|20031211|21.5
52898|20031212|21.49
52898|20031215|21.23
52898|20031216|20.93
52898|20031217|21.18
52898|20031218|22.09
52898|20031219|22.02
52898|20031222|22.08
52898|20031223|22.03
52898|20031224|22
52898|20031226|21.96
52898|20031229|22.1
52898|20031230|22.25
52898|20031231|22.1
52898|20040102|22.12
52898|20040105|22.26
52898|20040106|22
52898|20040107|22
52898|20040108|21.92
52898|20040109|21.72
52898|20040112|22.13
52898|20040113|22.02
52898|20040114|22.09
52898|20040115|22.04
52898|20040116|22.03
52898|20040120|22.39
52898|20040121|22.55
52898|20040122|22.05
52898|20040123|22.05
52898|20040126|22.3
52898|20040127|22.29
52898|20040128|22.18
52898|20040129|22.15
52898|20040130|21.8
52898|20040202|22.09
52898|20040203|21.8
52898|20040204|21.75
52898|20040205|20.8
52898|20040206|21
52898|20040209|21.02
52898|20040210|21.73
52898|20040211|21.69
52898|20040212|21.8
52898|20040213|21.8
52898|20040217|22.29
52898|20040218|22.1
52898|20040219|22.07
52898|20040220|21.8
52898|20040223|21.56
52898|20040224|21.54
52898|20040225|21.43
52898|20040226|21.45
52898|20040227|21.61
52898|20040301|21.65
52898|20040302|21.54
52898|20040303|21.46
52898|20040304|21.67
52898|20040305|21.85
52898|20040308|21.64
52898|20040309|21.62
52898|20040310|21.21
52898|20040311|21.17
52898|20040312|21.48
52898|20040315|21.23
52898|20040316|21.3
52898|20040317|21.37
52898|20040318|21.1
52898|20040319|20.88
52898|20040322|20.21
52898|20040323|20.64
52898|20040324|20
52898|20040325|20.6
52898|20040326|20.48
52898|20040329|20.8
52898|20040330|21.25
52898|20040331|21.68
52898|20040401|21.87
52898|20040402|21.77
52898|20040405|21.53
52898|20040406|21.38
52898|20040407|21.44
52898|20040408|21.28
52898|20040412|21.06
52898|20040413|20.87
52898|20040414|20.53
52898|20040415|20.5
52898|20040416|20.47
52898|20040419|20.64
52898|20040420|20.41
52898|20040421|20.62
52898|20040422|21
52898|20040423|20.79
52898|20040426|20.93
52898|20040427|20.97
52898|20040428|20.79
52898|20040429|20.61
52898|20040430|20.45
52898|20040503|20.48
52898|20040504|20.6
52898|20040505|20.61
52898|20040506|20.61
52898|20040507|20.05
52898|20040510|19.93
52898|20040511|19.74
52898|20040512|19.47
52898|20040513|19.48
52898|20040514|19.42
52898|20040517|19.1
52898|20040518|19.21
52898|20040519|19
52898|20040520|19.04
52898|20040521|19.08
52898|20040524|19.4
52898|20040525|19.55
52898|20040526|19.78
52898|20040527|19.8
52898|20040528|19.86
52898|20040601|20.05
52898|20040602|19.86
52898|20040603|19.42
52898|20040604|19.67
52898|20040607|19.78
52898|20040608|19.85
52898|20040609|19.93
52898|20040610|20.01
52898|20040614|20.43
52898|20040615|20.35
52898|20040616|20.4
52898|20040617|20.29
52898|20040618|20.07
52898|20040621|19.9
52898|20040622|19.85
52898|20040623|19.8
52898|20040624|19.67
52898|20040625|20.16
52898|20040628|19.7
52898|20040629|19.73
52898|20040630|20.05
52898|20040701|19.99
52898|20040702|20.14
52898|20040706|19.9
52898|20040707|19.83
52898|20040708|19.61
52898|20040709|19.72
52898|20040712|19.55
52898|20040713|19.7
52898|20040714|19.44
52898|20040715|19.58
52898|20040716|19.39
52898|20040719|19.26
52898|20040720|19.74
52898|20040721|19.37
52898|20040722|19.25
52898|20040723|19.2
52898|20040726|18.91
52898|20040727|19.3
52898|20040728|19.32
52898|20040729|19.52
52898|20040730|19.45
52898|20040802|19.3
52898|20040803|19.31
52898|20040804|20.15
52898|20040805|20.02
52898|20040806|19.8
52898|20040809|19.7
52898|20040810|20
52898|20040811|20.23
52898|20040812|19.97
52898|20040813|20
52898|20040816|20.1
52898|20040817|19.92
52898|20040818|20.21
52898|20040819|20
52898|20040820|20.3
52898|20040823|20.26
52898|20040824|20.41
52898|20040825|20.91
52898|20040826|20.95
52898|20040827|20.83
52898|20040830|20.7
52898|20040831|21.2
52898|20040901|21.67
52898|20040902|21.89
52898|20040903|21.71
52898|20040907|21.95
52898|20040908|21.7
52898|20040909|22
52898|20040910|21.89
52898|20040913|21.94
52898|20040914|21.87
52898|20040915|22.02
52898|20040916|21.98
52898|20040917|22
52898|20040920|21.76
52898|20040921|21.87
52898|20040922|21.9
52898|20040923|22.08
52898|20040924|21.92
52898|20040927|21.83
52898|20040928|21.83
52898|20040929|22.04
52898|20040930|22.11
52898|20041001|22.25
52898|20041004|22.05
52898|20041005|21.84
52898|20041006|21.99
52898|20041007|21.71
52898|20041008|21.8
52898|20041011|21.82
52898|20041012|21.94
52898|20041013|21.44
52898|20041014|21.25
52898|20041015|21.59
52898|20041018|21.54
52898|20041019|21.33
52898|20041020|21.29
52898|20041021|21.31
52898|20041022|21.04
52898|20041025|21
52898|20041026|21.2
52898|20041027|21.49
52898|20041028|21.61
52898|20041029|21.86
52898|20041101|21.62
52898|20041102|21.74
52898|20041103|22.14
52898|20041104|22.94
52898|20041105|22.9
52898|20041108|22.9
52898|20041109|22.74
52898|20041110|22.8
52898|20041111|22.99
52898|20041112|23.44
52898|20041115|23.51
52898|20041116|23.55
52898|20041117|23.8
52898|20041118|23.42
52898|20041119|23.08
52898|20041122|22.93
52898|20041123|23.3
52898|20041124|23.78
52898|20041126|23.71
52898|20041129|23.72
52898|20041130|23.72
52898|20041201|23.65
52898|20041202|23.19
52898|20041203|23.28
52898|20041206|23.85
52898|20041207|23.44
52898|20041208|23.3
52898|20041209|23.28
52898|20041210|23.43
52898|20041213|24
52898|20041214|24.09
52898|20041215|23.89
52898|20041216|23.78
52898|20041217|23.9
52898|20041220|23.7
52898|20041221|23.96
52898|20041222|23.95
52898|20041223|23.99
52898|20041227|23.75
52898|20041228|24.05
52898|20041229|24
52898|20041230|24.51
52898|20041231|24.59
52898|20050103|24.19
52898|20050104|23.81
52898|20050105|23.96
52898|20050106|23.91
52898|20050107|23.81
52898|20050110|24.08
52898|20050111|23.82
52898|20050112|23.48
52898|20050113|23.75
52898|20050114|24.06
52898|20050118|24.5
52898|20050119|24.25
52898|20050120|24.16
52898|20050121|24.04
52898|20050124|23.84
52898|20050125|23.64
52898|20050126|24.04
52898|20050127|23.56
52898|20050128|23.62
52898|20050131|24.03
52898|20050201|24.41
52898|20050202|24.3
52898|20050203|24.95
52898|20050204|25
52898|20050207|24.93
52898|20050208|24.9
52898|20050209|24.57
52898|20050210|24.31
52898|20050211|24.44
52898|20050214|24.5
52898|20050215|24.51
52898|20050216|24.99
52898|20050217|24.84
52898|20050218|24.96
52898|20050222|24
52898|20050223|24.03
52898|20050224|24.32
52898|20050225|24.25
52898|20050228|24.58
52898|20050301|25
52898|20050302|24.94
52898|20050303|25.2
52898|20050304|25.43
52898|20050307|25.49
52898|20050308|25.63
52898|20050309|25.35
52898|20050310|25
52898|20050311|25.04
52898|20050314|25.31
52898|20050315|25.43
52898|20050316|24.85
52898|20050317|24.85
52898|20050318|24.33
52898|20050321|24.56
52898|20050322|24.38
52898|20050323|23.96
52898|20050324|23.72
52898|20050328|24.2
52898|20050329|24.02
52898|20050330|24.52
52898|20050331|24.36
52898|20050401|24.2
52898|20050404|24.62
52898|20050405|24.8
52898|20050406|24.96
52898|20050407|25.17
52898|20050408|25.67
52898|20050411|25.81
52898|20050412|26.07
52898|20050413|26.9
52898|20050414|25.47
52898|20050415|26.23
52898|20050418|25.75
52898|20050419|25.86
52898|20050420|25.9
52898|20050421|26.68
52898|20050422|26.7
52898|20050425|27.32
52898|20050426|26.36
52898|20050427|26.52
52898|20050428|26.19
52898|20050429|26.7
52898|20050502|27.08
52898|20050503|27.29
52898|20050504|27.15
52898|20050505|26.88
52898|20050506|27.45
52898|20050509|27.5
52898|20050510|27.53
52898|20050511|27.84
52898|20050512|27.92
52898|20050513|25.93
52898|20050516|26.76
52898|20050517|27.07
52898|20050518|27.4
52898|20050519|27.09
52898|20050520|27
52898|20050523|27.51
52898|20050524|27.38
52898|20050525|27.18
52898|20050526|27.28
52898|20050527|27.49
52898|20050531|27.22
52898|20050601|28
52898|20050602|28.08
52898|20050603|27.99
52898|20050606|27.95
52898|20050607|28.29
52898|20050608|28.5
52898|20050609|28.61
52898|20050610|28.82
52898|20050613|29.35
52898|20050614|29.52
52898|20050615|29.33
52898|20050616|29.78
52898|20050617|30.16
52898|20050620|29.9
52898|20050621|30.58
52898|20050622|30.42
52898|20050623|30.15
52898|20050624|28.98
52898|20050627|29.49
52898|20050628|29.93
52898|20050629|29.63
52898|20050630|29.74
52898|20050701|30.28
52898|20050705|29.88
52898|20050706|29.03
52898|20050707|29.45
52898|20050708|30.02
52898|20050711|30
52898|20050712|30.08
52898|20050713|30.06
52898|20050714|29.84
52898|20050715|29.78
52898|20050718|29.9
52898|20050719|30.17
52898|20050720|30.23
52898|20050721|30.18
52898|20050722|30.78
52898|20050725|30.9
52898|20050726|31.44
52898|20050727|31.72
52898|20050728|32.03
52898|20050729|32.07
52898|20050801|31.9
52898|20050802|32.5
52898|20050803|34
52898|20050804|33.51
52898|20050805|32.38
52898|20050808|32.75
52898|20050809|33.11
52898|20050810|33.08
52898|20050811|33.57
52898|20050812|35.35
52898|20050815|34.6
52898|20050816|33.5
52898|20050817|33.98
52898|20050818|33.83
52898|20050819|33.64
52898|20050822|34
52898|20050823|33.5
52898|20050824|33.65
52898|20050825|33.78
52898|20050826|33.42
52898|20050829|33.3
52898|20050830|33.18
52898|20050831|34.26
52898|20050901|35.38
52898|20050902|35
52898|20050906|35.46
52898|20050907|35.72
52898|20050908|36.55
52898|20050909|37.56
52898|20050912|37.41
52898|20050913|36.77
52898|20050914|36.99
52898|20050915|36.42
52898|20050916|36.5
52898|20050919|36.3
52898|20050920|36.32
52898|20050921|35.7
52898|20050922|36.1
52898|20050923|36.16
52898|20050926|36.53
52898|20050927|36.75
52898|20050928|36.95
52898|20050929|37.52
52898|20050930|38.02
52898|20051003|38.62
52898|20051004|38.04
52898|20051005|36.1
52898|20051006|35.75
52898|20051007|36.36
52898|20051010|35.53
52898|20051011|34.53
52898|20051012|32.36
52898|20051013|32.09
52898|20051014|32.25
52898|20051017|31.99
52898|20051018|31.79
52898|20051019|31.7
52898|20051020|30.98
52898|20051021|30.93
52898|20051024|31.99
52898|20051025|32.84
52898|20051026|32.4
52898|20051027|32.04
52898|20051028|32.92
52898|20051031|33.88
52898|20051101|33.1
52898|20051102|33.75
52898|20051103|34
52898|20051104|33.6
52898|20051107|33.79
52898|20051108|33.78
52898|20051109|34.02
52898|20051110|33.92
52898|20051111|33.92
52898|20051114|33.9
52898|20051115|33.56
52898|20051116|34.29
52898|20051117|35.33
52898|20051118|35.25
52898|20051121|35.6
52898|20051122|35.9
52898|20051123|35.84
52898|20051125|36.25
52898|20051128|36.8
52898|20051129|37.4
52898|20051130|36.99
52898|20051201|37.92
52898|20051202|28.75
52898|20051205|28.42
52898|20051206|28.43
52898|20051207|28.15
52898|20051208|27.91
52898|20051209|28
52898|20051212|27.86
52898|20051213|28.03
52898|20051214|28.32
52898|20051215|28.09
52898|20051216|27.76
52898|20051219|27.49
52898|20051220|27.36
52898|20051221|27.1
52898|20051222|27.18
52898|20051223|27.34
52898|20051227|26.78
52898|20051228|27.04
52898|20051229|26.94
52898|20051230|27.3
52898|20060103|27.56
52898|20060104|27.69
52898|20060105|27.89
52898|20060106|28.05
52898|20060109|28.13
52898|20060110|28.03
52898|20060111|27.7
52898|20060112|28.03
52898|20060113|28.32
52898|20060117|27.85
52898|20060118|27.91
52898|20060119|28.27
52898|20060120|27.95
52898|20060123|27.79
52898|20060124|28.27
52898|20060125|27.82
52898|20060126|28.08
52898|20060127|28.31
52898|20060130|28.26
52898|20060131|28.16
52898|20060201|28.69
52898|20060202|28.37
52898|20060203|27.58
52898|20060206|28.16
52898|20060207|27.93
52898|20060208|27.94
52898|20060209|27.59
52898|20060210|27.42
52898|20060213|27.28
52898|20060214|27.36
52898|20060215|27.71
52898|20060216|27.77
52898|20060217|27.87
52898|20060221|28.21
52898|20060222|28.74
52898|20060223|28.6
52898|20060224|28.87
52898|20060227|29.59
52898|20060228|28.74
52898|20060301|29.59
52898|20060302|29.54
52898|20060303|29.42
52898|20060306|29.52
52898|20060307|29.51
52898|20060308|29.31
52898|20060309|27.37
52898|20060310|27.57
52898|20060313|27.23
52898|20060314|27.27
52898|20060315|27.49
52898|20060316|27.67
52898|20060317|27.71
52898|20060320|27.74
52898|20060321|27.4
52898|20060322|27.47
52898|20060323|27.69
52898|20060324|27.91
52898|20060327|27.48
52898|20060328|27.12
52898|20060329|27.16
52898|20060330|27.6
52898|20060331|27.82
52898|20060403|27.66
52898|20060404|27.34
52898|20060405|27.45
52898|20060406|27.27
52898|20060407|26.66
52898|20060410|26.36
52898|20060411|25.65
52898|20060412|25.79
52898|20060413|25.74
52898|20060417|25.62
52898|20060418|26.29
52898|20060419|25.63
52898|20060420|25.88
52898|20060421|25.65
52898|20060424|24.26
52898|20060425|24.09
52898|20060426|24
52898|20060427|23.83
52898|20060428|23.9
52898|20060501|23.6
52898|20060502|23.6
52898|20060503|23.42
52898|20060504|22.79
52898|20060505|23.23
52898|20060508|23.05
52898|20060509|23.05
52898|20060510|23.02
52898|20060511|23.06
52898|20060512|22.54
52898|20060515|21.92
52898|20060516|22.66
52898|20060517|22.05
52898|20060518|22.52
52898|20060519|22.52
52898|20060522|22.28
52898|20060523|21.69
52898|20060524|22.11
52898|20060525|22.66
52898|20060526|22.98
52898|20060530|23.15
52898|20060531|23.46
52898|20060601|23.14
52898|20060602|23.47
52898|20060605|22.75
52898|20060606|22.6
52898|20060607|22.31
52898|20060608|22
52898|20060609|21.91
52898|20060612|21.4
52898|20060613|20.67
52898|20060614|20.61
52898|20060615|21.47
52898|20060616|21.29
52898|20060619|21.75
52898|20060620|21.85
52898|20060621|22.05
52898|20060622|22
52898|20060623|22.17
52898|20060626|22.42
52898|20060627|22.45
52898|20060628|22.44
52898|20060629|22.52
52898|20060630|22.79
52898|20060703|23.18
52898|20060705|22.55
52898|20060706|22.55
52898|20060707|22.52
52898|20060710|22.34
52898|20060711|22.71
52898|20060712|22.57
52898|20060713|22.33
52898|20060714|22.11
52898|20060717|21.64
52898|20060718|21.45
52898|20060719|22.25
52898|20060720|22.17
52898|20060721|21.57
52898|20060724|21.97
52898|20060725|21.75
52898|20060726|21.7
52898|20060727|21.77
52898|20060728|21.96
52898|20060731|21.8
52898|20060801|21.53
52898|20060802|22.51
52898|20060803|22.61
52898|20060804|23.31
52898|20060807|23.01
52898|20060808|22.18
52898|20060809|22.06
52898|20060810|22.75
52898|20060811|22.36
52898|20060814|22.29
52898|20060815|22.61
52898|20060816|22.59
52898|20060817|22.67
52898|20060818|22.75
52898|20060821|22.58
52898|20060822|22.7
52898|20060823|22.21
52898|20060824|22.46
52898|20060825|22.41
52898|20060828|22.68
52898|20060829|22.71
52898|20060830|22.69
52898|20060831|23.69
52898|20060901|23.71
52898|20060905|23.26
52898|20060906|23.02
52898|20060907|22.45
52898|20060908|22.24
52898|20060911|22.03
52898|20060912|22.28
52898|20060913|22.1
52898|20060914|21.99
52898|20060915|22.03
52898|20060918|22.3
52898|20060919|22.18
52898|20060920|22.08
52898|20060921|21.77
52898|20060922|21.93
52898|20060925|21.7
52898|20060926|21.93
52898|20060927|22.27
52898|20060928|22.07
52898|20060929|21.94
52898|20061002|21.74
52898|20061003|21.61
52898|20061004|21.8
52898|20061005|22.01
52898|20061006|21.87
52898|20061009|22.29
52898|20061010|22.4
52898|20061011|22.62
52898|20061012|22.95
52898|20061013|22.9
52898|20061016|23.61
52898|20061017|23.36
52898|20061018|23.72
52898|20061019|23.7
52898|20061020|23.51
52898|20061023|23.63
52898|20061024|23.72
52898|20061025|24.07
52898|20061026|24.55
52898|20061027|24.61
52898|20061030|24.84
52898|20061031|24.25
52898|20061101|23.55
52898|20061102|23.39
52898|20061103|23.21
52898|20061106|23.16
52898|20061107|23.04
52898|20061108|23.5
52898|20061109|23.5
52898|20061110|23.76
52898|20061113|24.06
52898|20061114|24.2
52898|20061115|24.28
52898|20061116|24.63
52898|20061117|24.25
52898|20061120|24.13
52898|20061121|23.97
52898|20061122|24.26
52898|20061124|24.32
52898|20061127|23.73
52898|20061128|23.84
52898|20061129|24.11
52898|20061130|23.91
52898|20061201|23.93
52898|20061204|24.02
52898|20061205|24.39
52898|20061206|24.52
52898|20061207|24.18
52898|20061208|24.11
52898|20061211|24.19
52898|20061212|24.02
52898|20061213|23.94
52898|20061214|23.96
52898|20061215|23.73
52898|20061218|23.09
52898|20061219|23.02
52898|20061220|23.22
52898|20061221|22.72
52898|20061222|22.98
52898|20061226|22.95
52898|20061227|23.24
52898|20061228|23.08
52898|20061229|22.78
52898|20070103|22.51
52898|20070104|22.6
52898|20070105|22.57
52898|20070108|22.44
52898|20070109|22.33
52898|20070110|22.25
52898|20070111|22.04
52898|20070112|22.17
52898|20070116|22.59
52898|20070117|22.75
52898|20070118|22.34
52898|20070119|22.23
52898|20070122|22.31
52898|20070123|22.47
52898|20070124|22.27
52898|20070125|22.23
52898|20070126|22.3
52898|20070129|22.39
52898|20070130|22.43
52898|20070131|22.21
52898|20070201|22.51
52898|20070202|22.81
52898|20070205|22.96
52898|20070206|22.79
52898|20070207|23.04
52898|20070208|23.04
52898|20070209|22.9
52898|20070212|23.18
52898|20070213|23.22
52898|20070214|23.05
52898|20070215|23.08
52898|20070216|23.09
52898|20070220|23.6
52898|20070221|23.57
52898|20070222|23.26
52898|20070223|23.58
52898|20070226|23.98
52898|20070227|23.13
52898|20070228|22.78
52898|20070301|22.44
52898|20070302|21.71
52898|20070305|21.48
52898|20070306|21.64
52898|20070307|21.95
52898|20070308|21.73
52898|20070309|21.69
52898|20070312|22.24
52898|20070313|21.55
52898|20070314|21.69
52898|20070315|21.88
52898|20070316|21.79
52898|20070319|22.1
52898|20070320|22.54
52898|20070321|22.75
52898|20070322|22.93
52898|20070323|22.58
52898|20070326|22.9
52898|20070327|22.56
52898|20070328|22.4
52898|20070329|22.31
52898|20070330|22.45
52898|20070402|22.65
52898|20070403|22.63
52898|20070404|22.89
52898|20070405|22.66
52898|20070409|22.84
52898|20070410|22.78
52898|20070411|22.77
52898|20070412|22.77
52898|20070413|22.93
52898|20070416|23.34
52898|20070417|23.37
52898|20070418|23.3
52898|20070419|23.21
52898|20070420|22.77
52898|20070423|22.9
52898|20070424|22.78
52898|20070425|22.82
52898|20070426|22.87
52898|20070427|22.74
52898|20070430|22.11
52898|20070501|22.33
52898|20070502|22.55
52898|20070503|22.22
52898|20070504|22.16
52898|20070507|22.29
52898|20070508|22.45
52898|20070509|22.49
52898|20070510|22.11
52898|20070511|22.23
52898|20070514|22.31
52898|20070515|22.11
52898|20070516|22.09
52898|20070517|22.03
52898|20070518|22.25
52898|20070521|22.18
52898|20070522|22.44
52898|20070523|22.41
52898|20070524|22.08
52898|20070525|22.4
52898|20070529|22.41
52898|20070530|22.83
52898|20070531|22.86
52898|20070601|22.76
52898|20070604|22.95
52898|20070605|22.95
52898|20070606|22.6
52898|20070607|22.03
52898|20070608|22
52898|20070611|22.2
52898|20070612|22.02
52898|20070613|22.1
52898|20070614|22.6
52898|20070615|22.68
52898|20070618|22.18
52898|20070619|22.57
52898|20070620|22.1
52898|20070621|22.19
52898|20070622|21.73
52898|20070625|21.95
52898|20070626|21.82
52898|20070627|22.23
52898|20070628|22.09
52898|20070629|22.49
52898|20070702|22.58
52898|20070703|22.58
52898|20070705|22.38
52898|20070706|22.52
52898|20070709|22.58
52898|20070710|22.28
52898|20070711|22.12
52898|20070712|22.76
52898|20070713|22.83
52898|20070716|22.1
52898|20070717|22.27
52898|20070718|22.68
52898|20070719|22.82
52898|20070720|22.47
52898|20070723|22.76
52898|20070724|22.36
52898|20070725|22.57
52898|20070726|21.8
52898|20070727|21.65
52898|20070730|21.64
52898|20070731|21.88
52898|20070801|22.04
52898|20070802|22.85
52898|20070803|22.9
52898|20070806|23.42
52898|20070807|23.88
52898|20070808|25.41
52898|20070809|26.44
52898|20070810|23.91
52898|20070813|23.86
52898|20070814|23.5
52898|20070815|23.17
52898|20070816|23.94
52898|20070817|23.78
52898|20070820|23.53
52898|20070821|23.8
52898|20070822|23.6
52898|20070823|23.61
52898|20070824|23.55
52898|20070827|23.08
52898|20070828|23.01
52898|20070829|23.39
52898|20070830|23.7
52898|20070831|23.96
52898|20070904|24.36
52898|20070905|24.27
52898|20070906|24.46
52898|20070907|23.8
52898|20070910|24.05
52898|20070911|24.29
52898|20070912|24.79
52898|20070913|24.68
52898|20070914|24.84
52898|20070917|24.42
52898|20070918|24.64
52898|20070919|24.5
52898|20070920|24.14
52898|20070921|23.87
52898|20070924|23.83
52898|20070925|23.68
52898|20070926|24.24
52898|20070927|23.38
52898|20070928|22.68
52898|20071001|23.32
52898|20071002|23.55
52898|20071003|23.63
52898|20071004|23.24
52898|20071005|23.88
52898|20071008|23.51
52898|20071009|23.63
52898|20071010|23.35
52898|20071011|23.1
52898|20071012|23.16
52898|20071015|22.84
52898|20071016|22.86
52898|20071017|23.1
52898|20071018|22.85
52898|20071019|22.68
52898|20071022|22.78
52898|20071023|22.93
52898|20071024|22.84
52898|20071025|22.71
52898|20071026|22.98
52898|20071029|22.92
52898|20071030|23.08
52898|20071031|23.26
52898|20071101|22.91
52898|20071102|22.78
52898|20071105|22.79
52898|20071106|22.98
52898|20071107|22.64
52898|20071108|22.45
52898|20071109|22.19
52898|20071112|21.98
52898|20071113|22.43
52898|20071114|22.31
52898|20071115|22.06
52898|20071116|22.09
52898|20071119|21.91
52898|20071120|22.16
52898|20071121|21.67
52898|20071123|21.84
52898|20071126|21.35
52898|20071127|21.69
52898|20071128|22.05
52898|20071129|22.2
52898|20071130|22.14
52898|20071203|22.32
52898|20071204|22.26
52898|20071205|22.51
52898|20071206|22.74
52898|20071207|22.55
52898|20071210|22.67
52898|20071211|22.29
52898|20071212|22.35
52898|20071213|22.1
52898|20071214|21.51
52898|20071217|21.33
52898|20071218|21.54
52898|20071219|21.48
52898|20071220|21.5
52898|20071221|21.79
52898|20071224|21.88
52898|20071226|21.73
52898|20071227|21.53
52898|20071228|21.47
52898|20071231|21.2
52898|20080102|21.25
52898|20080103|21.61
52898|20080104|21.42
52898|20080107|21.49
52898|20080108|21.15
52898|20080109|21.16
52898|20080110|21.03
52898|20080111|20.55
52898|20080114|21.03
52898|20080115|20.42
52898|20080116|19.81
52898|20080117|20.17
52898|20080118|20
52898|20080122|19.02
52898|20080123|19.23
52898|20080124|19.17
52898|20080125|18.91
52898|20080128|19.19
52898|20080129|19.75
52898|20080130|19.52
52898|20080131|19.92
52898|20080201|20.24
52898|20080204|20.55
52898|20080205|19.85
52898|20080206|19.92
52898|20080207|20.03
52898|20080208|19.88
52898|20080211|19.97
52898|20080212|20.29
52898|20080213|20.27
52898|20080214|20.32
52898|20080215|19.97
52898|20080219|20.08
52898|20080220|19.86
52898|20080221|19.37
52898|20080222|19.64
52898|20080225|19.81
52898|20080226|20.18
52898|20080227|19.95
52898|20080228|19.35
52898|20080229|19.04
52898|20080303|18.81
52898|20080304|18.98
52898|20080305|18.96
52898|20080306|18.42
52898|20080307|18.34
52898|20080310|18.18
52898|20080311|18.67
52898|20080312|18.78
52898|20080313|18.76
52898|20080314|18.61
52898|20080317|18.39
52898|20080318|19
52898|20080319|18.57
52898|20080320|18.68
52898|20080324|18.46
52898|20080325|18.78
52898|20080326|18.75
52898|20080327|18.8
52898|20080328|18.33
52898|20080331|18.78
52898|20080401|19.32
52898|20080402|19.41
52898|20080403|19.52
52898|20080404|19.34
52898|20080407|19.41
52898|20080408|19.24
52898|20080409|19.19
52898|20080410|19
52898|20080411|18.98
52898|20080414|18.67
52898|20080415|18.51
52898|20080416|18.95
52898|20080417|18.84
52898|20080418|18.94
52898|20080421|18.77
52898|20080422|18.38
52898|20080423|18.04
52898|20080424|17.99
52898|20080425|18.04
52898|20080428|18.35
52898|20080429|18.2
52898|20080430|18.43
52898|20080501|18.6
52898|20080502|19.09
52898|20080505|19.19
52898|20080506|17.99
52898|20080507|17.42
52898|20080508|17.2
52898|20080509|17.06
52898|20080512|17.07
52898|20080513|17.19
52898|20080514|17.1
52898|20080515|16.97
52898|20080516|16.93
52898|20080519|17.14
52898|20080520|17.24
52898|20080521|16.97
52898|20080522|17.14
52898|20080523|16.67
52898|20080527|16.8
52898|20080528|16.94
52898|20080529|16.94
52898|20080530|17.08
52898|20080602|17.3
52898|20080603|17.52
52898|20080604|17.63
52898|20080605|18.07
52898|20080606|17.71
52898|20080609|17.76
52898|20080610|17.67
52898|20080611|17.33
52898|20080612|17.12
52898|20080613|17.4
52898|20080616|16.85
52898|20080617|16.84
52898|20080618|16.96
52898|20080619|16.88
52898|20080620|16.57
52898|20080623|16.49
52898|20080624|16.28
52898|20080625|16.41
52898|20080626|16.12
52898|20080627|15.81
52898|20080630|15.97
52898|20080701|16.26
52898|20080702|15.8
52898|20080703|15.42
52898|20080707|15.14
52898|20080708|15.23
52898|20080709|15.79
52898|20080710|15.4
52898|20080711|15.1
52898|20080714|14.73
52898|20080715|14.66
52898|20080716|14.78
52898|20080717|15.22
52898|20080718|15.34
52898|20080721|15.52
52898|20080722|15.75
52898|20080723|15.86
52898|20080724|15.54
52898|20080725|15.44
52898|20080728|15.43
52898|20080729|15.52
52898|20080730|15.87
52898|20080731|15.85
52898|20080801|15.62
52898|20080804|15.84
52898|20080805|16.62
52898|20080806|16.48
52898|20080807|17.02
52898|20080808|17.46
52898|20080811|17.79
52898|20080812|17.54
52898|20080813|17.51
52898|20080814|17.71
52898|20080815|17.82
52898|20080818|17.75
52898|20080819|17.96
52898|20080820|17.76
52898|20080821|17.8
52898|20080822|18.03
52898|20080825|17.9
52898|20080826|17.91
52898|20080827|17.97
52898|20080828|18.22
52898|20080829|18.29
52898|20080902|17.89
52898|20080903|17.79
52898|20080904|17.54
52898|20080905|17.15
52898|20080908|17.37
52898|20080909|17.12
52898|20080910|16.95
52898|20080911|16.7
52898|20080912|17.18
52898|20080915|16.36
52898|20080916|16.82
52898|20080917|16.93
52898|20080918|17.95
52898|20080919|18.56
52898|20080922|18.22
52898|20080923|18.25
52898|20080924|17.97
52898|20080925|18.45
52898|20080926|17.82
52898|20080929|16.58
52898|20080930|17.78
52898|20081001|17.66
52898|20081002|18
52898|20081003|17.47
52898|20081006|17.1
52898|20081007|16.47
52898|20081008|16.01
52898|20081009|14.91
52898|20081010|14.78
52898|20081013|16.72
52898|20081014|17.32
52898|20081015|16.05
52898|20081016|16.61
52898|20081017|16.48
52898|20081020|17.02
52898|20081021|16.47
52898|20081022|15.38
52898|20081023|15.35
52898|20081024|14.67
52898|20081027|14.71
52898|20081028|16.64
52898|20081029|17.29
52898|20081030|17.99
52898|20081031|18
52898|20081103|18.06
52898|20081104|17.7
52898|20081105|18.04
52898|20081106|17.12
52898|20081107|17.8
52898|20081110|18.16
52898|20081111|18.62
52898|20081112|18.4
52898|20081113|20.1
52898|20081114|19.76
52898|20081117|19.83
52898|20081118|20.32
52898|20081119|19.85
52898|20081120|18.92
52898|20081121|20.57
52898|20081124|20.93
52898|20081125|21.49
52898|20081126|21.93
52898|20081128|21.69
52898|20081201|20.48
52898|20081202|19.85
52898|20081203|20.66
52898|20081204|19.91
52898|20081205|20.49
52898|20081208|19.95
52898|20081209|19.72
52898|20081210|19.19
52898|20081211|18.76
52898|20081212|19.18
52898|20081215|19.32
52898|20081216|20
52898|20081217|20.06
52898|20081218|19.84
52898|20081219|19.77
52898|20081222|19.87
52898|20081223|19.97
52898|20081224|20.08
52898|20081226|20.13
52898|20081229|20
52898|20081230|19
52898|20081231|20.59
